{"type":"FeatureCollection","features":[{"type":"Feature","geometry":{"type":"Polygon","coordinates":[[[-73.81267890497571,40.67725796619528],[-73.81284820055866,40.67730253843876],[-73.81305530815617,40.67723314094568],[-73.81325822874193,40.67711717544928],[-73.81350935912958,40.67704853800807],[-73.81360977036712,40.67675846418187],[-73.81386377123907,40.676553404645055],[-73.81390979261874,40.67629037758576],[-73.81404496641335,40.67598669977917],[-73.81387172201907,40.67584957450792],[-73.81377855118892,40.67568168666711],[-73.81367114237592,40.6754969626184],[-73.81341458082773,40.67558487569141],[-73.81320889408373,40.675490109042535],[-73.81298146505462,40.675799047821954],[-73.81269961228605,40.67583907855595],[-73.81256813422027,40.67614332437402],[-73.81231725825758,40.67638086050483],[-73.81235924158108,40.67664551321194],[-73.8122467396029,40.67693018441235],[-73.8124284165899,40.67704609830027],[-73.81240772865553,40.67733030944299],[-73.81267890497571,40.67725796619528]]]},"properties":{"scenario":1.5,"depth_ft":1.49,"probability":0.86,"category":"Moderate","neighborhood":"South Ozone Park","borough":"Queens"}},{"type":"Feature","geometry":{"type":"Polygon","coordinates":[[[-73.80921919305139,40.676652950791734],[-73.80933798214598,40.67674051371308],[-73.8095278706793,40.6766958005047],[-73.80972245658823,40.67662234734105],[-73.80994729447698,40.67655043511014],[-73.81015771963733,40.676368044008555],[-73.81032489361124,40.67614110895168],[-73.81045101228581,40.67589872000932],[-73.81032527298049,40.675738278465694],[-73.81040410651443,40.6755099917499],[-73.81034121917811,40.675350134519896],[-73.8101264922339,40.675370349549624],[-73.81004379565726,40.675193140916505],[-73.80980912150517,40.67532309163909],[-73.80960569196273,40.675377095903414],[-73.80937833420985,40.67547963953651],[-73.80924067219016,40.67572106831077],[-73.80909615993222,40.6759174650829],[-73.80889721106176,40.676141173355546],[-73.80902390366371,40.67629682235484],[-73.80902634838462,40.67646433042637],[-73.8090584694739,40.67662515711262],[-73.80921919305139,40.676652950791734]]]},"properties":{"scenario":1.5,"depth_ft":1.87,"probability":0.76,"category":"Major","neighborhood":"South Ozone Park","borough":"Queens"}},{"type":"Feature","geometry":{"type":"Polygon","coordinates":[[[-73.81486728700261,40.676167616342155],[-73.81515177114294,40.67620169187426],[-73.81528126912067,40.67602599335715],[-73.8154185240347,40.67588720049785],[-73.81558846817583,40.67573872020998],[-73.81547606411416,40.67556328944401],[-73.81543774502339,40.67540435943597],[-73.81545474963917,40.67519018649529],[-73.81516085638954,40.67515485228404],[-73.81499957089115,40.67499926261432],[-73.81473809956042,40.674999582436534],[-73.81449561270631,40.67504593894104],[-73.81429253714266,40.675140798792256],[-73.81402106516113,40.675184581187345],[-73.81399458638836,40.675386504986335],[-73.81380033318956,40.6755241297336],[-73.81374731227662,40.67571171192776],[-73.81397038395139,40.6758484302466],[-73.81396369503183,40.67604866385125],[-73.8141733288552,40.67615188398847],[-73.81442922929169,40.676160652434795],[-73.81463500075587,40.67633646680899],[-73.81486728700261,40.676167616342155]]]},"properties":{"scenario":1.5,"depth_ft":1.55,"probability":0.85,"category":"Major","neighborhood":"South Ozone Park","borough":"Queens"}},{"type":"Feature","geometry":{"type":"Polygon","coordinates":[[[-73.81006776317042,40.67782197578906],[-73.81030888029234,40.677852581569965],[-73.81051055653265,40.677645211822565],[-73.8106927019745,40.67750008032709],[-73.81091922754457,40.67737080505598],[-73.8109362547279,40.67710018759328],[-73.81114757823956,40.67686353682656],[-73.81100003816383,40.676633009634315],[-73.8110737806404,40.67630995360622],[-73.8108919114691,40.676121259693055],[-73.81066152528135,40.67602435457652],[-73.81040743474554,40.67607564802114],[-73.81018224243641,40.67594905334509],[-73.80994928772512,40.67607762845096],[-73.80969081022823,40.67616807541337],[-73.80955713461552,40.67643067726301],[-73.8094161267219,40.67667275749349],[-73.80936565342601,40.67694760627354],[-73.80943526028426,40.67719961070327],[-73.80949389739104,40.67744757834168],[-73.80959741265148,40.67769392870158],[-73.80982874488566,40.6777910918212],[-73.81006776317042,40.67782197578906]]]},"properties":{"scenario":1.5,"depth_ft":1.18,"probability":0.81,"category":"Moderate","neighborhood":"South Ozone Park","borough":"Queens"}},{"type":"Feature","geometry":{"type":"Polygon","coordinates":[[[-73.81089221005794,40.678032448506826],[-73.81086695681545,40.678339431941886],[-73.8112909993642,40.67834823123614],[-73.81157590673236,40.67848625321476],[-73.81195897443529,40.678431526988625],[-73.81227978801644,40.6782544080564],[-73.81265718321308,40.67820451589535],[-73.81287435648667,40.67798247575112],[-73.81320799149437,40.67779341219155],[-73.81333146915296,40.67753150516102],[-73.81319430762338,40.67730197067542],[-73.81303221987159,40.67711793044793],[-73.81301511184684,40.676843270425586],[-73.8126948755583,40.676739255006865],[-73.81228760270285,40.67682618368748],[-73.81197575517572,40.676732156064716],[-73.811567770466,40.67670092036975],[-73.81133708445766,40.67699574289298],[-73.81111220597217,40.677186753204175],[-73.81071772470534,40.67735085722425],[-73.81062069086458,40.67761387297255],[-73.81081738408568,40.67782697159542],[-73.81089221005794,40.678032448506826]]]},"properties":{"scenario":2.13,"depth_ft":1.73,"probability":0.82,"category":"Major","neighborhood":"South Ozone Park","borough":"Queens"}},{"type":"Feature","geometry":{"type":"Polygon","coordinates":[[[-73.81604503009085,40.67540109118194],[-73.81595790574403,40.67523536140997],[-73.81566584155729,40.675137660444406],[-73.81558436899574,40.674983310572195],[-73.81532746591832,40.674914422894155],[-73.81506867827012,40.67484430960202],[-73.81478037675102,40.67485331365835],[-73.81444913328326,40.67482333735508],[-73.81428144576796,40.674983385009625],[-73.81413362699483,40.67510694842706],[-73.81397508712043,40.675227427755544],[-73.81396775738051,40.67537565232067],[-73.81402433255293,40.67551591756119],[-73.81401635028413,40.67568325649541],[-73.81429365405943,40.67575794859235],[-73.81447717916103,40.67588059524065],[-73.81474304175961,40.675968266137936],[-73.81503872032931,40.67590611210411],[-73.8152656811023,40.67581938507633],[-73.81562567401508,40.67584510022622],[-73.81575116567515,40.67568981547691],[-73.8158632937113,40.67554965184933],[-73.81604503009085,40.67540109118194]]]},"properties":{"scenario":2.13,"depth_ft":1.63,"probability":0.76,"category":"Major","neighborhood":"South Ozone Park","borough":"Queens"}},{"type":"Feature","geometry":{"type":"Polygon","coordinates":[[[-73.81487967176274,40.67942143575864],[-73.81491012280998,40.67912333237108],[-73.81508111741644,40.67894194824573],[-73.81528790741075,40.678713104141636],[-73.8150430799603,40.67840789661393],[-73.81474123831804,40.678182047476774],[-73.8145583422517,40.67793238789283],[-73.81430200565838,40.67767499294837],[-73.8139492677551,40.677533968750225],[-73.81358980488977,40.67748067498686],[-73.81333358887923,40.6776271969989],[-73.81291173335842,40.67755987733581],[-73.81276218165596,40.67779763380708],[-73.81264450675666,40.678037978481576],[-73.81262263492454,40.678317811555154],[-73.81291304168371,40.67860004013639],[-73.8130438570007,40.67885552476982],[-73.81313465909435,40.67921114174983],[-73.81357707334175,40.679241263357696],[-73.81387981899536,40.67955365237259],[-73.81427392611728,40.67964045176411],[-73.81450971200073,40.67940996554164],[-73.81487967176274,40.67942143575864]]]},"properties":{"scenario":2.13,"depth_ft":1.76,"probability":0.9,"category":"Major","neighborhood":"South Ozone Park","borough":"Queens"}},{"type":"Feature","geometry":{"type":"Polygon","coordinates":[[[-73.81404943289131,40.67691962565898],[-73.81406892960305,40.67705533548977],[-73.81424234378137,40.67711256244844],[-73.81440473155192,40.67719685042246],[-73.81464570401093,40.67717641087422],[-73.81486915139052,40.677084574617794],[-73.81505041692309,40.67698409920548],[-73.81527225972823,40.676910778546294],[-73.81546640534157,40.67678969523673],[-73.81545906311067,40.676641501403616],[-73.81550072294344,40.67650487714988],[-73.81541880109008,40.676396239316276],[-73.8153586847067,40.67627788055674],[-73.81517258701169,40.676235428225574],[-73.81499155120734,40.67619874566191],[-73.81478548462395,40.67618516633908],[-73.8145406802078,40.67617118626422],[-73.81430001068229,40.6762618727879],[-73.81420677230741,40.67643664517403],[-73.8140761745188,40.67655643225868],[-73.81391106692632,40.676688731581145],[-73.81391022237324,40.67682842410032],[-73.81404943289131,40.67691962565898]]]},"properties":{"scenario":2.13,"depth_ft":1.71,"probability":0.86,"category":"Major","neighborhood":"South Ozone Park","borough":"Queens"}},{"type":"Feature","geometry":{"type":"Polygon","coordinates":[[[-73.81245083360244,40.677243571687725],[-73.81267192741045,40.677450292362366],[-73.81290487394138,40.677628485576776],[-73.81329386531672,40.677666904384495],[-73.81356315962718,40.67781757587259],[-73.8139370979128,40.67789974218339],[-73.81426145114523,40.67768514273147],[-73.81463905327465,40.67764850371831],[-73.81505885680585,40.67754708705189],[-73.81529297773854,40.67731609693018],[-73.81527705808884,40.677054355860356],[-73.81530100541306,40.6768111821029],[-73.81522080971395,40.676571201764034],[-73.81482669595975,40.676474082968305],[-73.81451787332425,40.6763960328734],[-73.81429715603369,40.67615940245277],[-73.81389684659328,40.676254392185854],[-73.81347973242828,40.676184760897065],[-73.81323648719562,40.67643262987396],[-73.81291101974212,40.676559387236324],[-73.81256205301149,40.676731709959434],[-73.81264873641987,40.67699064794223],[-73.81245083360244,40.677243571687725]]]},"properties":{"scenario":2.13,"depth_ft":1.83,"probability":0.88,"category":"Major","neighborhood":"South Ozone Park","borough":"Queens"}},{"type":"Feature","geometry":{"type":"Polygon","coordinates":[[[-73.81203524600905,40.67600151916048],[-73.81210184921491,40.675756171725936],[-73.81209041263364,40.675528177982024],[-73.81227278680375,40.67527787375683],[-73.81193823512262,40.675130019006765],[-73.81184938429324,40.67490865627408],[-73.81157720548386,40.67481773984915],[-73.81130250782898,40.674777408157254],[-73.8110176827901,40.67463903306536],[-73.81073151385354,40.67474775582346],[-73.81038524564634,40.67477789317764],[-73.81035507452424,40.67507885197008],[-73.81006485766967,40.67521506758995],[-73.81009861236683,40.67545491350905],[-73.81005356612886,40.67568569018019],[-73.81006878454362,40.675944609678865],[-73.81043471943754,40.67602098048465],[-73.81061154216113,40.67620385523733],[-73.81092142440473,40.676173575762895],[-73.81120251860102,40.67639530127004],[-73.81150362422348,40.67627633690745],[-73.81168830356698,40.67606637251571],[-73.81203524600905,40.67600151916048]]]},"properties":{"scenario":3,"depth_ft":1.91,"probability":0.92,"category":"Major","neighborhood":"South Ozone Park","borough":"Queens"}},{"type":"Feature","geometry":{"type":"Polygon","coordinates":[[[-73.81193486144015,40.67803626632281],[-73.81213240254131,40.67793756937292],[-73.81236028702506,40.677948102034804],[-73.81243984116593,40.6776947011493],[-73.81263782247073,40.67758081002636],[-73.81256585909529,40.67733398502167],[-73.81261885248212,40.677145371211274],[-73.812653698222,40.67692204452429],[-73.81257692927164,40.67671454041128],[-73.81236699855597,40.676650721651775],[-73.8122495681705,40.67643967803776],[-73.81203893474118,40.67641152862566],[-73.81183280899312,40.67645916480785],[-73.81166376634322,40.67659023496445],[-73.81155637705288,40.67676952218703],[-73.81132616403444,40.67685471117126],[-73.81140063126558,40.67710568655638],[-73.81131537465346,40.67730057661433],[-73.81132114204475,40.67751886338368],[-73.81139477752096,40.677728801382464],[-73.81162193149778,40.67776839700226],[-73.81176249785244,40.677888899967456],[-73.81193486144015,40.67803626632281]]]},"properties":{"scenario":3,"depth_ft":1.82,"probability":0.84,"category":"Major","neighborhood":"South Ozone Park","borough":"Queens"}},{"type":"Feature","geometry":{"type":"Polygon","coordinates":[[[-73.80945330888639,40.675909588610374],[-73.80968001406232,40.675853982050114],[-73.8099036914841,40.67582459511432],[-73.81001996128452,40.675616413038234],[-73.81028766159822,40.67556335084074],[-73.81035203673981,40.67534837606624],[-73.81044320959623,40.67514031763954],[-73.81041303758194,40.67492379254988],[-73.81035206533318,40.67471045613069],[-73.81013920510787,40.67460651732151],[-73.80994804405293,40.67452665694528],[-73.80977181459079,40.674376596888486],[-73.80953587545221,40.674403792297],[-73.80932629559342,40.674503507761855],[-73.80916949813198,40.674655234794834],[-73.80901988233143,40.67479620094165],[-73.80891624690157,40.67497115676575],[-73.80875896652994,40.67516703195126],[-73.80886837526263,40.67536590953493],[-73.80902230556983,40.67550484832054],[-73.8090290047428,40.675754924234454],[-73.80921527285274,40.67588709563056],[-73.80945330888639,40.675909588610374]]]},"properties":{"scenario":3,"depth_ft":1.35,"probability":0.84,"category":"Moderate","neighborhood":"South Ozone Park","borough":"Queens"}},{"type":"Feature","geometry":{"type":"Polygon","coordinates":[[[-73.81310632583065,40.6744386446547],[-73.81328872576232,40.67415374353216],[-73.81317624023112,40.67385050437241],[-73.81258999616277,40.67374069444315],[-73.81227301553326,40.67351994451902],[-73.81183630871094,40.673300885629594],[-73.81127005609727,40.67328355257151],[-73.81072643726996,40.673359820031074],[-73.81028193744159,40.6735398334286],[-73.81007514188244,40.67382169748465],[-73.8097132656791,40.67403302978169],[-73.80976358611191,40.674327521212945],[-73.80949232853715,40.67464159389235],[-73.8098815849141,40.67489454378294],[-73.8101569310726,40.67516540564461],[-73.81070940854296,40.67524682861265],[-73.81114323779623,40.67546931593261],[-73.81168704079147,40.675373142860686],[-73.81210547772865,40.67521158952697],[-73.81266987329617,40.675210490021584],[-73.8130178493557,40.674993231846656],[-73.81304534568159,40.67469300062601],[-73.81310632583065,40.6744386446547]]]},"properties":{"scenario":3,"depth_ft":1.47,"probability":0.82,"category":"Moderate","neighborhood":"South Ozone Park","borough":"Queens"}},{"type":"Feature","geometry":{"type":"Polygon","coordinates":[[[-73.81139124465581,40.677502553414044],[-73.81163065982452,40.67753283698003],[-73.81182770911786,40.67739525183027],[-73.81188821359147,40.67711054686389],[-73.811999625239,40.67689795854838],[-73.81201386855038,40.67663294171049],[-73.81188740460992,40.676389547744826],[-73.81195987269298,40.67605508452008],[-73.81168742497002,40.675956957952856],[-73.81154979105024,40.67571539397528],[-73.81133473671713,40.675606116778596],[-73.811099216348,40.67551685571597],[-73.81086843832921,40.675573947079684],[-73.8106705897847,40.67571796168883],[-73.81060302069746,40.6760010061762],[-73.81056794897033,40.676253984899915],[-73.8104883522081,40.676490907363124],[-73.8106187774877,40.67673455641037],[-73.81060289146774,40.677028300704876],[-73.81079301669911,40.67720264703329],[-73.81097123284738,40.67736557404167],[-73.81116506839759,40.6775889559236],[-73.81139124465581,40.677502553414044]]]},"properties":{"scenario":3,"depth_ft":1.43,"probability":0.96,"category":"Moderate","neighborhood":"South Ozone Park","borough":"Queens"}},{"type":"Feature","geometry":{"type":"Polygon","coordinates":[[[-73.8129489592286,40.677713449148015],[-73.81323038302695,40.6778326017406],[-73.8135259882182,40.67780679190129],[-73.81385769190686,40.677867308488096],[-73.81411545628542,40.677774430043954],[-73.81418960651689,40.67757314163241],[-73.81425411624983,40.677407023169295],[-73.81433082000568,40.67724322152368],[-73.8144480457221,40.677042130359666],[-73.81418158309417,40.67686834748307],[-73.81398484885584,40.67670271046716],[-73.81373761440666,40.67656620822574],[-73.81344886697168,40.676488335692525],[-73.81312578792696,40.67635032402658],[-73.81284361994751,40.67643546540537],[-73.8126168191394,40.6765445635652],[-73.81246209052695,40.67669027328623],[-73.81224533367407,40.67681929119289],[-73.81217787942741,40.67701917989362],[-73.81244075285142,40.67722064175941],[-73.81236349069145,40.67745812063727],[-73.81268333361834,40.67759010820061],[-73.8129489592286,40.677713449148015]]]},"properties":{"scenario":3,"depth_ft":1.62,"probability":0.84,"category":"Major","neighborhood":"South Ozone Park","borough":"Queens"}},{"type":"Feature","geometry":{"type":"Polygon","coordinates":[[[-73.81050405681344,40.67601270399481],[-73.81049946726468,40.67624414739029],[-73.81057708068491,40.67648336212364],[-73.81091798748845,40.67654351852906],[-73.8111518881939,40.67662717261133],[-73.81138496534719,40.67675104432749],[-73.81169413424786,40.676879482079244],[-73.81199371237655,40.67678015101349],[-73.81218835514198,40.67657864524694],[-73.81247902315974,40.676450578475915],[-73.81245299036546,40.67618216768953],[-73.81258396995604,40.67595823610279],[-73.81234809569123,40.675763737394405],[-73.81238369953343,40.675500198719234],[-73.81207526865327,40.675416114807355],[-73.81184177617995,40.67531825972103],[-73.81160447023797,40.67514425505034],[-73.81133035200192,40.67529384326193],[-73.81105801619304,40.675308493173546],[-73.81085707595645,40.675451639873685],[-73.81052842266617,40.67553668703974],[-73.81044096295909,40.67577446020149],[-73.81050405681344,40.67601270399481]]]},"properties":{"scenario":3,"depth_ft":1.82,"probability":0.87,"category":"Major","neighborhood":"South Ozone Park","borough":"Queens"}},{"type":"Feature","geometry":{"type":"Polygon","coordinates":[[[-73.81313648544099,40.67911590432615],[-73.81345236427242,40.67909158018253],[-73.81371395656771,40.67892608855288],[-73.81394608489943,40.67875956534934],[-73.81425386446092,40.67861146561092],[-73.81431968273807,40.67831708293187],[-73.81437279561698,40.67802957935337],[-73.81419506442782,40.67778372107054],[-73.81400752816847,40.67759288665317],[-73.81393271237397,40.677291335971894],[-73.81363745260491,40.67719695437419],[-73.81334417938143,40.67710983804615],[-73.81301787360465,40.67707436121438],[-73.81277317861115,40.677301756649044],[-73.81242189669554,40.67735382230874],[-73.81235412783556,40.67766933346487],[-73.81207925253449,40.6778850521124],[-73.81212774817958,40.678187130362936],[-73.81218898903755,40.67846753118487],[-73.81240209292463,40.67867351849234],[-73.81256145435972,40.6789116994311],[-73.81289698734533,40.67889929585215],[-73.81313648544099,40.67911590432615]]]},"properties":{"scenario":3.66,"depth_ft":1.85,"probability":0.94,"category":"Major","neighborhood":"South Ozone Park","borough":"Queens"}},{"type":"Feature","geometry":{"type":"Polygon","coordinates":[[[-73.81028123755004,40.6768107084448],[-73.81055675021159,40.67676294526492],[-73.81082744679725,40.67657805610861],[-73.81105189721718,40.67633208289773],[-73.8112973978793,40.676160750547396],[-73.81157039174033,40.67591574538754],[-73.81160805342302,40.675556758241605],[-73.81184343978657,40.67518064326751],[-73.81171646703265,40.674910038370896],[-73.81166373351239,40.674616937616904],[-73.8115627035603,40.67433350669178],[-73.81130761304773,40.674278260303964],[-73.81104438633248,40.67427280646383],[-73.81076323195461,40.674442833333025],[-73.8104684059648,40.67452444969329],[-73.81019839716016,40.67479959482466],[-73.80998364308383,40.675145673907856],[-73.80995353208775,40.67552267255383],[-73.80995320966187,40.67582934765069],[-73.80983958085496,40.67619495513994],[-73.81005968839165,40.67632377334639],[-73.81016567743544,40.67653260101165],[-73.81028123755004,40.6768107084448]]]},"properties":{"scenario":3.66,"depth_ft":1.53,"probability":0.95,"category":"Major","neighborhood":"South Ozone Park","borough":"Queens"}},{"type":"Feature","geometry":{"type":"Polygon","coordinates":[[[-73.80931171253773,40.67668512952227],[-73.80929514825173,40.676922486472456],[-73.80948869355304,40.67714608152712],[-73.81003209777167,40.677233076326814],[-73.81048662250718,40.677340721609724],[-73.81101875748665,40.67740853131302],[-73.81159243263166,40.67734905232019],[-73.81217595741332,40.67728038448703],[-73.8124571940584,40.67703489626584],[-73.8130772092767,40.67691081468689],[-73.81312710199037,40.67665589933536],[-73.81301273265194,40.67643431095335],[-73.81305833317087,40.67620374854247],[-73.81269194051721,40.6760500455229],[-73.81254957137998,40.675789505767696],[-73.81195491920205,40.67575361024903],[-73.8114132705535,40.675671377588294],[-73.81087208725509,40.67584686637011],[-73.8102454156884,40.67582985077602],[-73.8099629963503,40.67607606533605],[-73.80943939905254,40.67621932964179],[-73.80960789525592,40.67647289572495],[-73.80931171253773,40.67668512952227]]]},"properties":{"scenario":3.66,"depth_ft":2.1,"probability":0.91,"category":"Major","neighborhood":"South Ozone Park","borough":"Queens"}},{"type":"Feature","geometry":{"type":"Polygon","coordinates":[[[-73.8130911244259,40.67830366172696],[-73.81268292539093,40.67801487977684],[-73.81288882851551,40.67788985483224],[-73.81260232076065,40.67765561016209],[-73.81206843698945,40.67744688523979],[-73.8116686023545,40.67724314173147],[-73.81119427152923,40.677059668953746],[-73.8107341422616,40.676986479761325],[-73.81028716401607,40.67690187846423],[-73.80971772849433,40.67677252402952],[-73.80942159809611,40.67683878379592],[-73.80926699091115,40.67696640028884],[-73.80948450479538,40.677200818587046],[-73.80952374599643,40.67737643980268],[-73.80982789718757,40.67759589876197],[-73.81012738406221,40.67782123812445],[-73.81064170178493,40.6779956388345],[-73.81109783483788,40.67824740965056],[-73.81165373805129,40.678402309026154],[-73.81208528757361,40.67841017492478],[-73.81249299536096,40.67842483679684],[-73.81287288678834,40.678408778310036],[-73.8130911244259,40.67830366172696]]]},"properties":{"scenario":3.66,"depth_ft":1.71,"probability":0.84,"category":"Major","neighborhood":"South Ozone Park","borough":"Queens"}},{"type":"Feature","geometry":{"type":"Polygon","coordinates":[[[-73.81463872020424,40.677859031522495],[-73.8150614875866,40.67796222977751],[-73.81555266599898,40.677987113971085],[-73.81572648946015,40.67771001586919],[-73.81606199114906,40.67758331824397],[-73.81624768903546,40.677377562450395],[-73.81616815863428,40.677138489284765],[-73.81608414831777,40.676919575275754],[-73.81613142538627,40.676636855835795],[-73.81580698038108,40.67642802279362],[-73.8153452243242,40.67634005579411],[-73.81491180604795,40.67628776004743],[-73.81446176041386,40.676213550183284],[-73.81412365197092,40.67638661125011],[-73.8137514617107,40.67647112942236],[-73.81331829969226,40.676577692309756],[-73.81322279288467,40.6768290095111],[-73.81323530142015,40.67707753180411],[-73.81336082719578,40.67731267103778],[-73.81338540520058,40.67758930715095],[-73.8137629639179,40.67776983012652],[-73.81421658076955,40.67784698882469],[-73.81463872020424,40.677859031522495]]]},"properties":{"scenario":3.66,"depth_ft":1.54,"probability":0.93,"category":"Major","neighborhood":"South Ozone Park","borough":"Queens"}},{"type":"Feature","geometry":{"type":"Polygon","coordinates":[[[-73.81367531795242,40.676642738178835],[-73.81348635922836,40.67638488379556],[-73.81345344443082,40.676214651005516],[-73.8133231836309,40.676018434253294],[-73.8130853789488,40.67581476800847],[-73.81282066461783,40.67560611503316],[-73.81245835939374,40.67546410531414],[-73.81207649200614,40.67519071512637],[-73.81179850903446,40.6752806145972],[-73.81142783268156,40.675181496853995],[-73.81098635498573,40.675092325878346],[-73.81085181370875,40.67523365055424],[-73.81094458883706,40.67545994313797],[-73.81089388106987,40.675627339562595],[-73.81100312056657,40.675854682138],[-73.81138800440469,40.67608702105791],[-73.81163005103987,40.67634629636318],[-73.81205092448968,40.67653921770979],[-73.81247355411135,40.6766888268058],[-73.81283232239298,40.67671721729262],[-73.81318757955901,40.676764100977145],[-73.8135215141271,40.67676722461228],[-73.81367531795242,40.676642738178835]]]},"properties":{"scenario":3.66,"depth_ft":1.5,"probability":0.96,"category":"Major","neighborhood":"South Ozone Park","borough":"Queens"}},{"type":"Feature","geometry":{"type":"Polygon","coordinates":[[[-73.81483392610659,40.67519372951072],[-73.81502012204156,40.67496188746337],[-73.81520452542692,40.6747100528873],[-73.81513465857472,40.674389771242005],[-73.8149090832228,40.674095166303864],[-73.8148589121832,40.67372038932691],[-73.81448199461555,40.673452428415835],[-73.81402303270546,40.67332042299735],[-73.81358121467908,40.67321878276237],[-73.81315176743121,40.67322326257582],[-73.8127035289307,40.673240645483396],[-73.81233838997102,40.67340275733723],[-73.81209053883903,40.673664027416294],[-73.81192179393989,40.673978405416534],[-73.81213593170551,40.67435368104774],[-73.81230278379417,40.67468755815813],[-73.81245133480816,40.67506264948907],[-73.81287629369126,40.67531626904613],[-73.81331605266288,40.675549935172164],[-73.81380240159227,40.67557608867559],[-73.81420655897176,40.67547749509451],[-73.81462036580301,40.67544095477371],[-73.81483392610659,40.67519372951072]]]},"properties":{"scenario":3.66,"depth_ft":2.15,"probability":0.96,"category":"Major","neighborhood":"South Ozone Park","borough":"Queens"}},{"type":"Feature","geometry":{"type":"Polygon","coordinates":[[[-73.8082864793598,40.677980269230716],[-73.80841069139018,40.67819769496706],[-73.80860658173098,40.67837461315532],[-73.8088819628157,40.67846677831528],[-73.80907024966338,40.67872748068872],[-73.80941738481037,40.67873737192767],[-73.80973192789041,40.67864031900225],[-73.81002773941054,40.6785459408797],[-73.81029458515887,40.67840165705583],[-73.81032428525023,40.67814434581509],[-73.81051886732041,40.67795031025783],[-73.81047726371682,40.67771749587137],[-73.8104674150833,40.677470282349546],[-73.81025292840997,40.67728446758505],[-73.81005079112825,40.67707899551663],[-73.80971638220153,40.67702468476884],[-73.80939320471316,40.67704183776607],[-73.80908542904463,40.67707140680885],[-73.80881996286615,40.67718942915389],[-73.80852008696259,40.677293959944556],[-73.80835043454803,40.67750429294852],[-73.8084260625537,40.67775465952276],[-73.8082864793598,40.677980269230716]]]},"properties":{"scenario":3.66,"depth_ft":2,"probability":0.92,"category":"Major","neighborhood":"South Ozone Park","borough":"Queens"}},{"type":"Feature","geometry":{"type":"Polygon","coordinates":[[[-73.81399508231439,40.676807324565935],[-73.81390410832617,40.67656011342779],[-73.81397824094083,40.67639988731818],[-73.81379161537087,40.676150711051314],[-73.81358271344402,40.67590430955271],[-73.8132523911892,40.67567554650099],[-73.81293944119457,40.675420589923945],[-73.81256293978231,40.67535755507656],[-73.81217499591088,40.6751402501412],[-73.81181111125059,40.675059436171686],[-73.8115311678844,40.675081923605575],[-73.81129668579943,40.67514951921194],[-73.8112371266644,40.6753277860363],[-73.81121445897134,40.675526862696046],[-73.81136276180115,40.67578745318814],[-73.81172865175085,40.676053748515606],[-73.81207506829354,40.67626783390409],[-73.81237949116455,40.67649434273363],[-73.81275074729193,40.67673282799359],[-73.81315928477264,40.67688738860578],[-73.81348083537529,40.67689565278514],[-73.81358883685022,40.676736078126645],[-73.81399508231439,40.676807324565935]]]},"properties":{"scenario":3.66,"depth_ft":1.64,"probability":0.93,"category":"Major","neighborhood":"South Ozone Park","borough":"Queens"}},{"type":"Feature","geometry":{"type":"Polygon","coordinates":[[[-73.81145251444146,40.675364994402635],[-73.81193001818204,40.67547759035155],[-73.81223822352227,40.67572087855062],[-73.81263079795082,40.67575275007841],[-73.81307120472857,40.67593944699332],[-73.81343829502396,40.67580978231813],[-73.81351969688733,40.675446349648546],[-73.81380078613046,40.67529386502447],[-73.81404141231161,40.67505913930003],[-73.8138711025958,40.67472910885539],[-73.81388588197365,40.67440513189823],[-73.81371658827821,40.67406820799134],[-73.81339271418868,40.67378650197818],[-73.81289772291221,40.673840116746454],[-73.8125500658964,40.673596707615616],[-73.81221131572948,40.67373838676829],[-73.81181556770225,40.673706044270936],[-73.81162954181318,40.67395125121969],[-73.81137063909857,40.67412508684755],[-73.81139773465523,40.67442681195312],[-73.81124333200107,40.67469483703615],[-73.81131594623136,40.67501540920142],[-73.81145251444146,40.675364994402635]]]},"properties":{"scenario":4,"depth_ft":1.51,"probability":0.88,"category":"Major","neighborhood":"South Ozone Park","borough":"Queens"}},{"type":"Feature","geometry":{"type":"Polygon","coordinates":[[[-73.81316591835173,40.6758421591578],[-73.8132601067671,40.67548064539641],[-73.81347734183439,40.67518624164958],[-73.81316554743492,40.67480325659118],[-73.81331159038614,40.674418652209205],[-73.81271123989967,40.674212181533846],[-73.81250466239072,40.67383343213784],[-73.8120415022343,40.67366402018703],[-73.81156837175583,40.673488288125505],[-73.81112562274924,40.673563156967795],[-73.81065559663888,40.67357628993525],[-73.81034895229669,40.67379741994241],[-73.81014472805714,40.674072722210845],[-73.81023880308152,40.674434319735965],[-73.8103037926855,40.674741541486796],[-73.81008446249574,40.67512112917052],[-73.81058963699095,40.67537501954256],[-73.81101046159554,40.675555677161505],[-73.81138652092159,40.67573256002233],[-73.81179428163318,40.67585517057676],[-73.8121884578277,40.675835219578715],[-73.81265677549895,40.67588659242578],[-73.81316591835173,40.6758421591578]]]},"properties":{"scenario":4,"depth_ft":1.81,"probability":0.88,"category":"Major","neighborhood":"South Ozone Park","borough":"Queens"}},{"type":"Feature","geometry":{"type":"Polygon","coordinates":[[[-73.81375354987888,40.67708703520618],[-73.81386841028399,40.677334716198025],[-73.81416731193382,40.67751221096898],[-73.8145085358868,40.67768518309202],[-73.81503307553906,40.67761017763858],[-73.81549646062385,40.67758278809624],[-73.81606760339704,40.677613741040865],[-73.8163214836146,40.67726045507013],[-73.81685239120586,40.67710025586994],[-73.81723662362016,40.67681749497574],[-73.81692145765432,40.67652947365781],[-73.81715225625108,40.67621340466671],[-73.81690923382439,40.67598282188229],[-73.81658811613777,40.67579881229581],[-73.81618135134086,40.67567384221839],[-73.81571429900995,40.675583611630174],[-73.81517314720615,40.67563013444494],[-73.81475354171879,40.67590755231755],[-73.81441425352173,40.67612011112305],[-73.81378191683926,40.67623832929073],[-73.8137981691183,40.67656290389099],[-73.81353382063163,40.67684799491107],[-73.81375354987888,40.67708703520618]]]},"properties":{"scenario":4,"depth_ft":2.15,"probability":0.93,"category":"Major","neighborhood":"South Ozone Park","borough":"Queens"}},{"type":"Feature","geometry":{"type":"Polygon","coordinates":[[[-73.80943892317339,40.67622909353999],[-73.80983530338418,40.67627221112462],[-73.81010072950556,40.67641664259555],[-73.81048553461214,40.67650167094833],[-73.81099834462165,40.67620264238859],[-73.81142925378644,40.67601653501526],[-73.81194581059967,40.67584679805371],[-73.81232458559377,40.675527328187094],[-73.812562773868,40.67518845052994],[-73.81269780314608,40.67486176105256],[-73.8128175501788,40.674517417301224],[-73.81268808177627,40.67425206048266],[-73.81239416862421,40.67408191486344],[-73.81191456413535,40.67410096983997],[-73.81147269298373,40.67410024229945],[-73.810969973715,40.67438728846814],[-73.81048342364898,40.67447066012726],[-73.8101321185399,40.67479472022664],[-73.80972396869419,40.675064801664575],[-73.80965223113995,40.67537366535085],[-73.80929002113841,40.675711155939105],[-73.80913485166012,40.67606702648645],[-73.80943892317339,40.67622909353999]]]},"properties":{"scenario":4,"depth_ft":1.32,"probability":0.96,"category":"Moderate","neighborhood":"South Ozone Park","borough":"Queens"}},{"type":"Feature","geometry":{"type":"Polygon","coordinates":[[[-73.80985382272037,40.677584570493316],[-73.80965201365278,40.67785078137165],[-73.80990351180081,40.6780454855641],[-73.81012404287569,40.67823014047417],[-73.81046856798415,40.678265559884764],[-73.81074440149048,40.678399484750095],[-73.81105344926006,40.678300029868254],[-73.81140320989797,40.67834180736692],[-73.81159314506877,40.67813200079311],[-73.81179477232193,40.677969673285],[-73.81200057376975,40.677785451104725],[-73.81207105170422,40.67754991969894],[-73.81186003120659,40.677346008365404],[-73.81195956143492,40.67704828544591],[-73.81154828344746,40.67699509991271],[-73.81139370223964,40.67672470655512],[-73.81104959843577,40.6766224481234],[-73.81068413538563,40.676675463712904],[-73.81041333531209,40.67685839766286],[-73.81000492864214,40.67686419776757],[-73.80986836612556,40.677118043788624],[-73.80987359562296,40.67737086601045],[-73.80985382272037,40.677584570493316]]]},"properties":{"scenario":4,"depth_ft":2.12,"probability":0.96,"category":"Major","neighborhood":"South Ozone Park","borough":"Queens"}},{"type":"Feature","geometry":{"type":"Polygon","coordinates":[[[-73.8106340713313,40.67932458092687],[-73.81090911767627,40.67943630375784],[-73.81106898258099,40.679586455398805],[-73.81151289071127,40.67955681856132],[-73.8118672257613,40.679561964071745],[-73.81225930933844,40.679618211549084],[-73.81274092468472,40.679543284958584],[-73.81309149763823,40.679334861723895],[-73.81323918472872,40.67911521084254],[-73.81361715562123,40.67894168301831],[-73.81389309082957,40.67871843664051],[-73.81368755108866,40.67855868677354],[-73.81370918101058,40.67834443095591],[-73.81319746875882,40.678359411106975],[-73.81308764960477,40.67813644500332],[-73.81262779349464,40.678151364356154],[-73.81216296443586,40.67832325400839],[-73.81169465568055,40.67833860390236],[-73.81123848404177,40.67848516270423],[-73.81110273330599,40.67873098407971],[-73.81082840879489,40.67891811563132],[-73.81061727422532,40.67912930058138],[-73.8106340713313,40.67932458092687]]]},"properties":{"scenario":4,"depth_ft":2.1,"probability":0.93,"category":"Major","neighborhood":"South Ozone Park","borough":"Queens"}},{"type":"Feature","geometry":{"type":"Polygon","coordinates":[[[-73.81279804469496,40.67419104721809],[-73.81309962184636,40.673896814577056],[-73.81295654942664,40.673582589011595],[-73.81239147682912,40.673440677489126],[-73.81207719684917,40.67319287608709],[-73.81160102081242,40.673032857557935],[-73.8110783730475,40.673162210656166],[-73.8104960691549,40.67302420981064],[-73.81020492963954,40.67332638065113],[-73.80980106115564,40.67347980675995],[-73.80959199035904,40.67373208169573],[-73.8093182821332,40.67399569470969],[-73.80947334182854,40.674294063034914],[-73.80985148837563,40.67451316379975],[-73.80991213558316,40.67484338948892],[-73.81031313216947,40.67506843146504],[-73.81084906024712,40.6751528420018],[-73.81138802082894,40.67519514139],[-73.81186362961417,40.67505677393635],[-73.81223923204269,40.674879444343595],[-73.81252534330957,40.674674083718116],[-73.81311070676718,40.674532002670425],[-73.81279804469496,40.67419104721809]]]},"properties":{"scenario":4,"depth_ft":2.1,"probability":0.91,"category":"Major","neighborhood":"South Ozone Park","borough":"Queens"}},{"type":"Feature","geometry":{"type":"Polygon","coordinates":[[[-73.81216206169617,40.67498129373343],[-73.8126426005392,40.67500506964931],[-73.81291980135825,40.674749966056304],[-73.81335879601538,40.6747314792265],[-73.81367752862403,40.674583694561605],[-73.81384051103628,40.67436973054298],[-73.81371741545155,40.67413049153535],[-73.81390834514573,40.673880354197934],[-73.81353830217037,40.67369069909336],[-73.8133617214398,40.67343407774641],[-73.81287763264065,40.67336680978415],[-73.81246576727621,40.6732238477562],[-73.81205051055646,40.673367962906816],[-73.81158251777963,40.67330989667051],[-73.81123924544502,40.6734461707021],[-73.81096659078868,40.67361818962878],[-73.81064790200726,40.67380181474186],[-73.81068158463403,40.67406083148664],[-73.81086838396497,40.6742960918283],[-73.81111721063306,40.674497178078234],[-73.81129727189507,40.67474369571615],[-73.81174776738703,40.674834869943254],[-73.81216206169617,40.67498129373343]]]},"properties":{"scenario":4,"depth_ft":1.71,"probability":0.88,"category":"Major","neighborhood":"South Ozone Park","borough":"Queens"}},{"type":"Feature","geometry":{"type":"Polygon","coordinates":[[[-73.8106891054483,40.67924404376504],[-73.81049305471392,40.67965956538193],[-73.81113479219725,40.679501059718596],[-73.81166297701256,40.67934176896757],[-73.81211846884946,40.67925101678198],[-73.81260459259266,40.67902319373542],[-73.81307565732207,40.6787832779299],[-73.81361254586173,40.67851063997684],[-73.81405073307691,40.678166143643416],[-73.81401165552693,40.67789893823329],[-73.81451737091845,40.67746068813536],[-73.81442099603785,40.677205974587736],[-73.81397076268603,40.677171961938775],[-73.81351217368457,40.67719581432067],[-73.81299723656032,40.67732735976896],[-73.81254767625111,40.67730802676589],[-73.81199292062905,40.67760624260709],[-73.81140736373712,40.67784319736902],[-73.81100659719272,40.678198522984054],[-73.81062492329123,40.67853993927685],[-73.81023171496697,40.67891664237006],[-73.81048634777281,40.679099245881645],[-73.8106891054483,40.67924404376504]]]},"properties":{"scenario":4,"depth_ft":1.33,"probability":0.96,"category":"Moderate","neighborhood":"South Ozone Park","borough":"Queens"}},{"type":"Feature","geometry":{"type":"Polygon","coordinates":[[[-73.8098924048367,40.67860786313226],[-73.81014747799297,40.67842743771627],[-73.81040008835022,40.67831017137563],[-73.81057951349578,40.677899025092806],[-73.81081837126099,40.67759162406095],[-73.81081301546725,40.677049956169476],[-73.81081192589497,40.676611280720685],[-73.81091306724156,40.676102545996564],[-73.81084354314952,40.67564194243121],[-73.81066783415773,40.675331654572304],[-73.81046069496347,40.675115400407],[-73.81019420766735,40.67533690160278],[-73.80998392195232,40.67533395164102],[-73.80977825755315,40.67551579400453],[-73.80957443060508,40.675740570906505],[-73.80930484654755,40.67597985370842],[-73.80937029019262,40.676541303368985],[-73.80916702630205,40.676990943228546],[-73.80918096591202,40.67748861243316],[-73.80931224858844,40.67787701820788],[-73.809524215655,40.678068299635335],[-73.80966883201529,40.67841943689795],[-73.8098924048367,40.67860786313226]]]},"properties":{"scenario":4,"depth_ft":1.76,"probability":0.87,"category":"Major","neighborhood":"South Ozone Park","borough":"Queens"}},{"type":"Feature","geometry":{"type":"Polygon","coordinates":[[[-73.99118900408784,40.67513165724839],[-73.99137043294284,40.67521297016773],[-73.9915770338944,40.675281042031564],[-73.9917942133656,40.67526749419995],[-73.99194396138087,40.675156154916046],[-73.99221254843123,40.67515173980118],[-73.99230791026032,40.6749988692188],[-73.99229990886015,40.67482928964062],[-73.99227989724042,40.67467464297006],[-73.99224420244141,40.6745170235193],[-73.99210563056862,40.6743862853311],[-73.99189391882031,40.67433002038064],[-73.99176494558449,40.67414699614079],[-73.99153097970101,40.67413947452828],[-73.9913174704051,40.67417240769604],[-73.9911336680536,40.67424159156026],[-73.99094757575025,40.67431499790608],[-73.99092920209785,40.67448194219568],[-73.99089112445206,40.67461580736233],[-73.99082368999724,40.67475822935856],[-73.99095522060396,40.67488930662543],[-73.99104606760267,40.6750204505844],[-73.99118900408784,40.67513165724839]]]},"properties":{"scenario":1.5,"depth_ft":1.35,"probability":0.8,"category":"Moderate","neighborhood":"Gowanus Canal","borough":"Brooklyn"}},{"type":"Feature","geometry":{"type":"Polygon","coordinates":[[[-73.98957030659064,40.676538423630504],[-73.98978567391504,40.67668357853188],[-73.9900276207809,40.676567128884486],[-73.9903253166747,40.676629395390975],[-73.99044214122061,40.67642794709906],[-73.99072105746048,40.67635238721362],[-73.99063235862393,40.676126304638935],[-73.99065345286084,40.67596210293183],[-73.99070980521581,40.675774201826535],[-73.99048396492738,40.675660808983814],[-73.99033621503555,40.67553912953366],[-73.99015682076123,40.675433797923944],[-73.98993895509778,40.67534826636904],[-73.98968991382223,40.6753396290232],[-73.98943787745868,40.6753755093504],[-73.98917242351587,40.67544213310176],[-73.98914738963451,40.675668405442664],[-73.98899436558726,40.6758153622575],[-73.98895374893632,40.67600267082866],[-73.9891059781358,40.67616721123638],[-73.98920560921297,40.67632330512459],[-73.98938109362973,40.67643709340674],[-73.98957030659064,40.676538423630504]]]},"properties":{"scenario":1.5,"depth_ft":1.88,"probability":0.91,"category":"Major","neighborhood":"Gowanus Canal","borough":"Brooklyn"}},{"type":"Feature","geometry":{"type":"Polygon","coordinates":[[[-73.99292182878041,40.67362871647585],[-73.99314815842118,40.673513593054004],[-73.99337192299704,40.67340367925762],[-73.99347831099128,40.67319590173761],[-73.99376565239983,40.67303628885513],[-73.99364888916286,40.67276463617582],[-73.99361759595776,40.67251347054828],[-73.99345760281892,40.6722958970828],[-73.99318995247253,40.672189619549606],[-73.99304340480583,40.671883295961266],[-73.99272534324362,40.67199069068749],[-73.99242523976037,40.67184222003149],[-73.99225264101091,40.67210598989948],[-73.99191197002229,40.67209630668865],[-73.99182047983994,40.67234814168059],[-73.99168819504266,40.67256565762637],[-73.99171766758204,40.67282065293569],[-73.99190189517836,40.67302916369637],[-73.99201017917342,40.67323149325502],[-73.99208926735245,40.67351518908396],[-73.9923370620883,40.673697246976545],[-73.99265349965734,40.673592319585424],[-73.99292182878041,40.67362871647585]]]},"properties":{"scenario":1.5,"depth_ft":1.33,"probability":0.88,"category":"Moderate","neighborhood":"Gowanus Canal","borough":"Brooklyn"}},{"type":"Feature","geometry":{"type":"Polygon","coordinates":[[[-73.99060356937719,40.67626712178039],[-73.99070065999334,40.67641177393976],[-73.99099380126786,40.676457620201106],[-73.99119401566784,40.676528911409825],[-73.99143722259988,40.676566052290696],[-73.991713624838,40.67662612983346],[-73.99198890006564,40.67651418978508],[-73.99234443809492,40.67648716719185],[-73.99245370889683,40.676297870887446],[-73.99254821539313,40.67614787505323],[-73.99262476285062,40.67600328251942],[-73.99258700794154,40.675867362057524],[-73.99262640682333,40.675699816802],[-73.9924707383452,40.67557832010931],[-73.99218250225766,40.675550761116234],[-73.9919382272061,40.675490452837096],[-73.99164123078424,40.67548064153021],[-73.99134549854391,40.67555732931039],[-73.99115540516961,40.67570934093202],[-73.99085909580847,40.67579029281434],[-73.99080773467934,40.675953726232024],[-73.99067514784409,40.67610089314988],[-73.99060356937719,40.67626712178039]]]},"properties":{"scenario":1.5,"depth_ft":1.26,"probability":0.74,"category":"Moderate","neighborhood":"Gowanus Canal","borough":"Brooklyn"}},{"type":"Feature","geometry":{"type":"Polygon","coordinates":[[[-73.99110133897305,40.67419878685634],[-73.99091997712848,40.673971716880644],[-73.99095017023635,40.673788743168174],[-73.99080645055916,40.67361828467206],[-73.99059451731884,40.67348773910153],[-73.99048411219557,40.67322319224097],[-73.99013987270628,40.67320350013642],[-73.98984950927881,40.6732831456207],[-73.98952348682334,40.67321142368435],[-73.98919066188185,40.67324745211086],[-73.98904037557523,40.67343822650652],[-73.98890698210676,40.673618246495096],[-73.98900796477979,40.67383262087267],[-73.98903814380247,40.67401697130136],[-73.98915403872215,40.674193525799765],[-73.98930144881842,40.67437228434977],[-73.9895745102872,40.674466810424995],[-73.98983918268664,40.67457473491075],[-73.99014894214616,40.674641642457416],[-73.99040633642771,40.674532143278675],[-73.99077984218711,40.6745583913656],[-73.99079000799941,40.67429935643928],[-73.99110133897305,40.67419878685634]]]},"properties":{"scenario":2.13,"depth_ft":1.11,"probability":0.84,"category":"Moderate","neighborhood":"Gowanus Canal","borough":"Brooklyn"}},{"type":"Feature","geometry":{"type":"Polygon","coordinates":[[[-73.99306324466681,40.67299070078656],[-73.99303996799205,40.67283769814228],[-73.99308968803041,40.672651250661254],[-73.99274227596169,40.672544999373116],[-73.99238142634587,40.67249897931885],[-73.99214753244723,40.67229200753068],[-73.99175197633043,40.67234864364207],[-73.99138146182071,40.67235359857964],[-73.99115862682407,40.67248869093936],[-73.99089048114826,40.67257302086547],[-73.99066141155542,40.67269096203055],[-73.99076003326144,40.672859387019166],[-73.99063367886272,40.673014416688346],[-73.99088226860636,40.67314618181094],[-73.9910192795526,40.67329812261823],[-73.99129779859085,40.67341058424458],[-73.9916415768648,40.67347352921176],[-73.99201729640099,40.67356488051571],[-73.99237806412604,40.67349825348072],[-73.99273542658517,40.67344178474711],[-73.9928610876281,40.67327208209599],[-73.99292510560254,40.673123124204935],[-73.99306324466681,40.67299070078656]]]},"properties":{"scenario":2.13,"depth_ft":1.29,"probability":0.92,"category":"Moderate","neighborhood":"Gowanus Canal","borough":"Brooklyn"}},{"type":"Feature","geometry":{"type":"Polygon","coordinates":[[[-73.98842012071295,40.6758742415514],[-73.98847298673248,40.67600902588845],[-73.98868120310304,40.67603469244901],[-73.98883584000478,40.676115630797156],[-73.98904585209273,40.67615251602494],[-73.98926495696608,40.67608399309894],[-73.98943461121166,40.675970458549315],[-73.98967640612565,40.67590617148055],[-73.98970043283282,40.67573879242939],[-73.98969371585359,40.67560389737859],[-73.98978136475475,40.67546439363701],[-73.98971696417809,40.67534167117993],[-73.9895822154643,40.67525704354608],[-73.98952085291202,40.675094237487755],[-73.98925121156257,40.67517634802931],[-73.98907122645848,40.67507046975281],[-73.98886396253708,40.67516727819427],[-73.98863096945219,40.67520463238083],[-73.98853364583012,40.67536223509724],[-73.98837504062672,40.67547713919604],[-73.98822975719841,40.67562273303058],[-73.98834827008659,40.675757175361355],[-73.98842012071295,40.6758742415514]]]},"properties":{"scenario":2.13,"depth_ft":1.81,"probability":0.76,"category":"Major","neighborhood":"Gowanus Canal","borough":"Brooklyn"}},{"type":"Feature","geometry":{"type":"Polygon","coordinates":[[[-73.98939581882817,40.67559991649647],[-73.98934728084133,40.675777368138],[-73.98969533341916,40.67584936395415],[-73.98983873274233,40.67599804619273],[-73.9901336010704,40.67609524941026],[-73.99053685571552,40.67598450799029],[-73.99087330046198,40.67598411157286],[-73.99127589942819,40.67596806121546],[-73.99152617603237,40.67581692313825],[-73.99170845068672,40.67566230093566],[-73.99198099221401,40.67550651689635],[-73.99168747039054,40.675357954096704],[-73.99177074481237,40.67518954796415],[-73.9915796531878,40.675068456285736],[-73.99133422043946,40.674972343982645],[-73.99106932892822,40.674859602713624],[-73.9906780156629,40.67492979547712],[-73.99032380657151,40.674934042361436],[-73.99001919075377,40.67503864772901],[-73.98975918969828,40.675155380401044],[-73.9895159920747,40.6752844458222],[-73.98945879662362,40.675443597385815],[-73.98939581882817,40.67559991649647]]]},"properties":{"scenario":2.13,"depth_ft":1.92,"probability":0.9,"category":"Major","neighborhood":"Gowanus Canal","borough":"Brooklyn"}},{"type":"Feature","geometry":{"type":"Polygon","coordinates":[[[-73.98842375274825,40.674543795854404],[-73.98862436090428,40.674576904458085],[-73.98873920153399,40.674707636409245],[-73.98895300592841,40.67474739147381],[-73.98916869651514,40.67458083107687],[-73.98937923416311,40.674544376158735],[-73.98958330245334,40.6744490799447],[-73.98975970694568,40.67431223309372],[-73.98973475226947,40.674142685870194],[-73.9899331069812,40.6739675431325],[-73.98986868944482,40.67381314208577],[-73.98971375898174,40.67371374487578],[-73.98950644253831,40.67368591364003],[-73.98934020233264,40.67364779708236],[-73.98915693873126,40.6736402491656],[-73.98893697764431,40.67355669103404],[-73.98870200516653,40.67364661632138],[-73.98860046754083,40.67384217932205],[-73.98839498535625,40.6739535278082],[-73.98839259759482,40.67411737034178],[-73.98827470257497,40.67427867241133],[-73.98837004657878,40.67440540925459],[-73.98842375274825,40.674543795854404]]]},"properties":{"scenario":2.13,"depth_ft":1.11,"probability":0.81,"category":"Moderate","neighborhood":"Gowanus Canal","borough":"Brooklyn"}},{"type":"Feature","geometry":{"type":"Polygon","coordinates":[[[-73.99090557389734,40.67588879285583],[-73.9909748319459,40.6760575331085],[-73.99109273858264,40.676245730939485],[-73.99134705590161,40.67631884253639],[-73.9916206808334,40.6762990739168],[-73.9918623639835,40.67622353681469],[-73.99216239883826,40.67622934965142],[-73.99225385121917,40.676010794900314],[-73.99233210204869,40.67584457199095],[-73.9925444476592,40.67569767741555],[-73.99254365898194,40.67550341780122],[-73.99232861588132,40.675370583303604],[-73.99232184532381,40.67516327053255],[-73.9920425388374,40.67513692092616],[-73.9918937590766,40.67494476278687],[-73.99162325144822,40.67494251058455],[-73.99136743838933,40.67499736153821],[-73.99113575173268,40.67508685492995],[-73.99103123093411,40.67526999292524],[-73.99080241860084,40.67537789507297],[-73.99085760196536,40.67557011953273],[-73.99086671086422,40.67572993487101],[-73.99090557389734,40.67588879285583]]]},"properties":{"scenario":3,"depth_ft":1.67,"probability":0.86,"category":"Major","neighborhood":"Gowanus Canal","borough":"Brooklyn"}},{"type":"Feature","geometry":{"type":"Polygon","coordinates":[[[-73.9898125029171,40.67460301602665],[-73.98974981327464,40.67436035701183],[-73.98980017939549,40.67414899447548],[-73.98986954068098,40.67388006668853],[-73.98950406591939,40.6736204261823],[-73.98907024711237,40.673420332352144],[-73.98861230769899,40.673319775142986],[-73.98816908869321,40.67309362084345],[-73.9877926516297,40.673186611544395],[-73.98723252258868,40.67304713950618],[-73.98699900679499,40.67323615009194],[-73.98677343031342,40.67341000357739],[-73.9868261950594,40.6736757505401],[-73.98692350982888,40.67392524130071],[-73.9871313941325,40.674169064907005],[-73.98737820132904,40.67440539361308],[-73.9877191798817,40.674617513482325],[-73.98814880412306,40.674711942536966],[-73.98855651828926,40.674886311751784],[-73.98903221031922,40.67500450370155],[-73.98950255969115,40.675019056156536],[-73.98964840501,40.67478210716568],[-73.9898125029171,40.67460301602665]]]},"properties":{"scenario":3,"depth_ft":1.83,"probability":0.89,"category":"Major","neighborhood":"Gowanus Canal","borough":"Brooklyn"}},{"type":"Feature","geometry":{"type":"Polygon","coordinates":[[[-73.98707178214997,40.67536294533141],[-73.98740436923796,40.675418791906296],[-73.98768884961169,40.67544726450566],[-73.98784789987074,40.67561610086521],[-73.9882248021364,40.675491393102256],[-73.98854592489094,40.67543583678893],[-73.98895422498568,40.675406404783025],[-73.98905912062739,40.67513624359787],[-73.9893233797926,40.674981881415796],[-73.98956837823398,40.67478811933611],[-73.9894651929446,40.674621735027564],[-73.9895007020938,40.67443300951527],[-73.98934110815775,40.67430718953711],[-73.98915816924149,40.67418598349071],[-73.98890576723544,40.67408081819679],[-73.98852088427783,40.674156623188864],[-73.98818710286832,40.67432347972157],[-73.98782371765553,40.67437814962563],[-73.98766469737686,40.6746001746007],[-73.98729477489478,40.674742629632824],[-73.98710429645362,40.674952652983556],[-73.98712228928416,40.67514648521336],[-73.98707178214997,40.67536294533141]]]},"properties":{"scenario":3,"depth_ft":1.82,"probability":0.88,"category":"Major","neighborhood":"Gowanus Canal","borough":"Brooklyn"}},{"type":"Feature","geometry":{"type":"Polygon","coordinates":[[[-73.99120740324985,40.677030956960245],[-73.99149799675905,40.67711536411591],[-73.99182191574656,40.67727862991406],[-73.99222832008289,40.677006723801696],[-73.99264330703413,40.67681419805131],[-73.99301834645495,40.67647928420118],[-73.99303759472932,40.67601864486285],[-73.9933968101118,40.675640903869585],[-73.99348706322202,40.67522675476933],[-73.99325199038852,40.67498043739252],[-73.9929727678582,40.67485087320974],[-73.9928591031584,40.67454449042789],[-73.99249117779118,40.67459573825543],[-73.99216775804537,40.67452945241322],[-73.99176993552821,40.67460695572127],[-73.99145772939717,40.67499278589309],[-73.99103917973503,40.67521621776673],[-73.99086241657322,40.67562566089514],[-73.99060374150557,40.67602387801091],[-73.99077198547013,40.676334528820234],[-73.99079007162489,40.67665999092823],[-73.990861997856,40.67698814456348],[-73.99120740324985,40.677030956960245]]]},"properties":{"scenario":3,"depth_ft":1.67,"probability":0.94,"category":"Major","neighborhood":"Gowanus Canal","borough":"Brooklyn"}},{"type":"Feature","geometry":{"type":"Polygon","coordinates":[[[-73.99049739066736,40.67577961492026],[-73.99048454823767,40.675513549740316],[-73.99056522681157,40.67535694584208],[-73.99081306548557,40.6752168829311],[-73.99052042538234,40.67495214180765],[-73.99049236500973,40.674700334832615],[-73.9901951808837,40.67453858037641],[-73.98997152578474,40.67435225895072],[-73.98970634407353,40.67414631141804],[-73.98942336080684,40.6741252328722],[-73.98918607221226,40.67416733453725],[-73.98900880038921,40.674269121421034],[-73.98877680612192,40.674332533855726],[-73.9887107264516,40.67453048721378],[-73.98872636446293,40.6747572306446],[-73.9887503455071,40.674995142162174],[-73.98895558536681,40.67522830762469],[-73.98913971779368,40.67546532420238],[-73.98940559862713,40.67565130641971],[-73.9896969419985,40.67575616299834],[-73.99000647415544,40.67590039995569],[-73.99016570291745,40.675696698408835],[-73.99049739066736,40.67577961492026]]]},"properties":{"scenario":3,"depth_ft":1.27,"probability":0.95,"category":"Moderate","neighborhood":"Gowanus Canal","borough":"Brooklyn"}},{"type":"Feature","geometry":{"type":"Polygon","coordinates":[[[-73.99037643970654,40.67307561236346],[-73.99066329985415,40.67293904867999],[-73.99030084035614,40.67264895847157],[-73.99018837364132,40.672416434364365],[-73.99003115568284,40.67213864817068],[-73.98955938853975,40.67193727299048],[-73.98912167813303,40.6716954760107],[-73.98863853678671,40.6716682434467],[-73.98827097295396,40.67170945627907],[-73.9877921406445,40.671622560447055],[-73.98750721064336,40.6717269571548],[-73.98735217890592,40.671895109701154],[-73.9874020129483,40.67212356617045],[-73.98737646533745,40.67233167053558],[-73.98747625106792,40.67258302189985],[-73.9878769634052,40.6728144188433],[-73.98817054059776,40.673099737233464],[-73.98866845597382,40.67327365236822],[-73.98918147699216,40.67344320826718],[-73.98969033166784,40.67350797122965],[-73.99008384812781,40.67344304665051],[-73.99031425663544,40.673286274810515],[-73.99037643970654,40.67307561236346]]]},"properties":{"scenario":3,"depth_ft":1.91,"probability":0.9,"category":"Major","neighborhood":"Gowanus Canal","borough":"Brooklyn"}},{"type":"Feature","geometry":{"type":"Polygon","coordinates":[[[-73.9934109119119,40.67608830192558],[-73.99379124499325,40.676095371764426],[-73.99389430459635,40.67575961442667],[-73.99421246965181,40.67562518957317],[-73.99433687596937,40.67535634009226],[-73.99427561008122,40.67506651024706],[-73.99409995526099,40.67482340867906],[-73.99403177941322,40.674542657622816],[-73.99382452777745,40.674293954386975],[-73.9934972242615,40.67416368864437],[-73.99315074655831,40.674052862186336],[-73.99281748892616,40.67418161117706],[-73.99256623669135,40.674353958324936],[-73.99227956139055,40.674460955526115],[-73.99211153537343,40.674681380475995],[-73.99184236068669,40.67489763680717],[-73.99191657362728,40.675197980120195],[-73.99201652301771,40.67547339754377],[-73.99218073987976,40.67572865830594],[-73.99234242700041,40.67603828295313],[-73.99270994219528,40.67614666066052],[-73.99307680584559,40.676168870742444],[-73.9934109119119,40.67608830192558]]]},"properties":{"scenario":3,"depth_ft":1.29,"probability":0.91,"category":"Moderate","neighborhood":"Gowanus Canal","borough":"Brooklyn"}},{"type":"Feature","geometry":{"type":"Polygon","coordinates":[[[-73.98817329620675,40.67346579629752],[-73.98823814132474,40.67371497096058],[-73.9886297203588,40.67384268807429],[-73.98906974812724,40.67387622269337],[-73.98931753867038,40.67414627842138],[-73.98982634015435,40.674089186781345],[-73.99027345529927,40.67395108124017],[-73.99080206462389,40.67390062811214],[-73.99093319508594,40.67359652648173],[-73.991104583514,40.673384313462655],[-73.9914475219057,40.67316932407288],[-73.99143485863868,40.67292650318509],[-73.99133044706846,40.67269600568604],[-73.99102843243696,40.6725354041045],[-73.99073018576942,40.67236733789554],[-73.99026987932405,40.67234456125427],[-73.98981605155946,40.67227730374728],[-73.98936337107249,40.67242602076295],[-73.9890635616709,40.672646896030656],[-73.98863693962765,40.67276384954269],[-73.98829293826849,40.67296584404902],[-73.98805696909812,40.673219331082656],[-73.98817329620675,40.67346579629752]]]},"properties":{"scenario":3.66,"depth_ft":1.9,"probability":0.96,"category":"Major","neighborhood":"Gowanus Canal","borough":"Brooklyn"}},{"type":"Feature","geometry":{"type":"Polygon","coordinates":[[[-73.99068925247224,40.676888169433674],[-73.99095610987007,40.67681682180765],[-73.99122365676222,40.67664525976255],[-73.99149793295861,40.67655328116508],[-73.99172503698517,40.67619009878848],[-73.99193711632039,40.675861650449484],[-73.992025128812,40.67550092207818],[-73.99215023485658,40.67515637357139],[-73.99212099745607,40.67487779803594],[-73.99205787226802,40.674648341577466],[-73.99206713341127,40.67429143033177],[-73.99184730642078,40.674256329433376],[-73.99160107655231,40.6743476111389],[-73.99137472938212,40.67438091720137],[-73.99113658677676,40.67462979507946],[-73.99084230508312,40.674756678797834],[-73.99068812241309,40.675152624549064],[-73.99053575968156,40.67549905059875],[-73.99041656654227,40.67585712026426],[-73.99038910240117,40.67619046181797],[-73.99057337313091,40.676316712323015],[-73.99049222682204,40.67677282971245],[-73.99068925247224,40.676888169433674]]]},"properties":{"scenario":3.66,"depth_ft":1.53,"probability":0.86,"category":"Major","neighborhood":"Gowanus Canal","borough":"Brooklyn"}},{"type":"Feature","geometry":{"type":"Polygon","coordinates":[[[-73.99291710074682,40.675419694301176],[-73.99316340250718,40.67555632062157],[-73.99343321814699,40.67539460761211],[-73.99360486903348,40.675059794563374],[-73.99380151660233,40.67484265750642],[-73.99401357660771,40.67458305346228],[-73.99415301858713,40.67423853498782],[-73.99404521380833,40.673925234543034],[-73.9940604504548,40.673564531109584],[-73.99382569561476,40.673414722769024],[-73.99359464571225,40.67334883451389],[-73.99343519215253,40.67306751721637],[-73.99316388017245,40.6730560165557],[-73.99288045621748,40.6731508958918],[-73.99264028443211,40.67339959436653],[-73.99255382982771,40.673781948635614],[-73.99222426829738,40.673987949704],[-73.99220415579076,40.674360346697355],[-73.99235127353593,40.67464606721585],[-73.99239259568158,40.67493302988326],[-73.99238967414615,40.675335739999895],[-73.99268059892378,40.67536680641324],[-73.99291710074682,40.675419694301176]]]},"properties":{"scenario":3.66,"depth_ft":1.63,"probability":0.86,"category":"Major","neighborhood":"Gowanus Canal","borough":"Brooklyn"}},{"type":"Feature","geometry":{"type":"Polygon","coordinates":[[[-73.9932203559935,40.676210894696304],[-73.99317759521871,40.67596414649111],[-73.99328388384656,40.67577962461104],[-73.99312197418749,40.67549466462582],[-73.99272300717705,40.6752028522426],[-73.99234954897273,40.67494930761483],[-73.99194158838107,40.67475189255832],[-73.99152945731387,40.67448200923495],[-73.99111648624698,40.67439614106548],[-73.99083383831622,40.67444452118663],[-73.9903104808593,40.67427998848237],[-73.99016521956098,40.6744426646431],[-73.99027923644951,40.674713764573426],[-73.99039485579476,40.67494594993634],[-73.99022192828347,40.67513401119361],[-73.99061279560254,40.67542629396977],[-73.99106079775724,40.67564251463517],[-73.99136484716342,40.67595097341569],[-73.99181184504512,40.67614106278407],[-73.99219591292102,40.676182960965626],[-73.9925089782989,40.676184564598195],[-73.99286081714033,40.67621855610007],[-73.9932203559935,40.676210894696304]]]},"properties":{"scenario":3.66,"depth_ft":1.63,"probability":0.88,"category":"Major","neighborhood":"Gowanus Canal","borough":"Brooklyn"}},{"type":"Feature","geometry":{"type":"Polygon","coordinates":[[[-73.98528611383125,40.67542196873408],[-73.98548807019645,40.67557115739826],[-73.98568003427515,40.67572281936354],[-73.98622245449408,40.675748147410054],[-73.98669086074175,40.67577845357748],[-73.98719950649665,40.67578637208777],[-73.98774049186652,40.675714874214435],[-73.98822879380963,40.67559936643658],[-73.9888279113684,40.675498998675025],[-73.9890939229406,40.675309651119115],[-73.98906411256264,40.67513318175505],[-73.98931368916318,40.674951672828875],[-73.98924751063934,40.67478448423881],[-73.98900747725222,40.674645727539485],[-73.98863165678041,40.67454135587973],[-73.98798329627616,40.674616412639736],[-73.98748983171136,40.674663275867516],[-73.98701699298918,40.67470836363262],[-73.98642877183839,40.67473479909595],[-73.98601645082341,40.674890081126286],[-73.98552651678227,40.67504399757742],[-73.98552334531348,40.675230756445096],[-73.98528611383125,40.67542196873408]]]},"properties":{"scenario":3.66,"depth_ft":1.44,"probability":0.9,"category":"Moderate","neighborhood":"Gowanus Canal","borough":"Brooklyn"}},{"type":"Feature","geometry":{"type":"Polygon","coordinates":[[[-73.99092534484957,40.67252282960274],[-73.99067050447077,40.67226879985473],[-73.9907695802437,40.672000183522705],[-73.99036050975722,40.67178134391476],[-73.98976867657048,40.671693120821956],[-73.98935936598745,40.67149978785543],[-73.98881838960828,40.67142080495876],[-73.98824560240121,40.671385864800456],[-73.98764325721733,40.67140498800172],[-73.9874217372214,40.671659546314324],[-73.98730895023006,40.67188815224035],[-73.9868801014589,40.67205805805242],[-73.9870557724276,40.672319000795305],[-73.98723120826632,40.67256204052772],[-73.98764977483052,40.67274779441569],[-73.98799683149326,40.6729534731709],[-73.98853038875669,40.673014712031744],[-73.98902183753296,40.673080729182864],[-73.98951136083805,40.67307524917002],[-73.99018604371386,40.673166340440474],[-73.99051260912121,40.67296181732624],[-73.99070480245331,40.672738793602065],[-73.99092534484957,40.67252282960274]]]},"properties":{"scenario":3.66,"depth_ft":1.73,"probability":0.96,"category":"Major","neighborhood":"Gowanus Canal","borough":"Brooklyn"}},{"type":"Feature","geometry":{"type":"Polygon","coordinates":[[[-73.99170536652352,40.67639903420316],[-73.99189946712299,40.6762980176957],[-73.99188434658986,40.67610729042501],[-73.99167739807189,40.675885653746754],[-73.99153869910894,40.67564745408929],[-73.99111842114148,40.67547296471123],[-73.9907598556944,40.675289771229664],[-73.99039333569178,40.67526827925063],[-73.98998086556561,40.67509058342702],[-73.98962536897123,40.67507184380992],[-73.98942304030739,40.675175547640464],[-73.98917154554141,40.67525096565462],[-73.98906898633228,40.67541269477818],[-73.98923476132481,40.6756486488196],[-73.98930326093078,40.67586695323604],[-73.98975848262889,40.6760615579302],[-73.98997329445643,40.676290495441975],[-73.99035322559861,40.67644244206504],[-73.9907244741379,40.67653214204042],[-73.99103067310327,40.67653378118737],[-73.99145165598468,40.676656996806194],[-73.99152120906248,40.676477926435396],[-73.99170536652352,40.67639903420316]]]},"properties":{"scenario":3.66,"depth_ft":2.03,"probability":0.96,"category":"Major","neighborhood":"Gowanus Canal","borough":"Brooklyn"}},{"type":"Feature","geometry":{"type":"Polygon","coordinates":[[[-73.99367720196027,40.67529417165155],[-73.99413077659024,40.67526920570455],[-73.99428667294804,40.67495991289538],[-73.99449921523569,40.67471849241483],[-73.99445701473914,40.67443629551098],[-73.9943547730609,40.67419417925027],[-73.99430300316995,40.6739427884716],[-73.99417256121052,40.67367991724269],[-73.99388525114371,40.67348696974077],[-73.99349217433416,40.673446492760576],[-73.99310399519665,40.67338976461897],[-73.99278253624551,40.673601730603444],[-73.99230202480801,40.67356564017949],[-73.99204419053436,40.67381860658309],[-73.9918953520941,40.67409997105931],[-73.99177898510602,40.674385196991835],[-73.99182943505504,40.67467632118529],[-73.99216070309714,40.67486443723712],[-73.99227908010702,40.67512275797343],[-73.99263706390545,40.67520073212125],[-73.99290955236982,40.67544921256657],[-73.99330078004819,40.67526816889676],[-73.99367720196027,40.67529417165155]]]},"properties":{"scenario":3.66,"depth_ft":2.04,"probability":0.85,"category":"Major","neighborhood":"Gowanus Canal","borough":"Brooklyn"}},{"type":"Feature","geometry":{"type":"Polygon","coordinates":[[[-73.9925010540896,40.67568006890905],[-73.99283231352247,40.67567272681444],[-73.99284445820928,40.67536502479221],[-73.99310957807121,40.6751850852965],[-73.99281100435387,40.67480869069734],[-73.99272946573643,40.67449825599942],[-73.99248655455867,40.67421199094857],[-73.99228699129708,40.67382810870502],[-73.9918920890749,40.673818647946916],[-73.99153902919664,40.673456023990106],[-73.99122613403229,40.67353144702868],[-73.990871359588,40.67350762082631],[-73.99064503401405,40.673685619638],[-73.99058164244279,40.67398363943244],[-73.99049328163576,40.67425790685989],[-73.99071472897023,40.6746132637507],[-73.99069420195698,40.67495421075465],[-73.99102414570719,40.675239713943355],[-73.99132974167448,40.675480609382426],[-73.99163141750479,40.675806324979916],[-73.99201133600242,40.675970992670365],[-73.99233382897602,40.675914540585296],[-73.9925010540896,40.67568006890905]]]},"properties":{"scenario":3.66,"depth_ft":1.54,"probability":0.96,"category":"Major","neighborhood":"Gowanus Canal","borough":"Brooklyn"}},{"type":"Feature","geometry":{"type":"Polygon","coordinates":[[[-73.98784869476218,40.67689044932458],[-73.98826059865236,40.6769237967866],[-73.9886819103369,40.676878212797035],[-73.989115550775,40.67679275044672],[-73.98945904555138,40.676434970958084],[-73.98989290966615,40.67623334989928],[-73.99031943407485,40.675902869929324],[-73.99038179523137,40.675472483714096],[-73.9904560796438,40.67507440614715],[-73.99043814645584,40.67468912573317],[-73.99017556149369,40.67444778593932],[-73.98988001349727,40.67426322443619],[-73.98956272236016,40.67407145281088],[-73.98912107023085,40.67407853903948],[-73.98865034490959,40.674194252361474],[-73.98829169317042,40.674597317696964],[-73.98782597677163,40.67480555349135],[-73.98774767503909,40.67525225509627],[-73.98752366523013,40.6756051227709],[-73.9873653281292,40.67599744658027],[-73.98757967537041,40.676264790814436],[-73.98747197912267,40.67675101051499],[-73.98784869476218,40.67689044932458]]]},"properties":{"scenario":4,"depth_ft":1.6,"probability":0.96,"category":"Major","neighborhood":"Gowanus Canal","borough":"Brooklyn"}},{"type":"Feature","geometry":{"type":"Polygon","coordinates":[[[-73.99141087297275,40.674161002961675],[-73.99189475595195,40.67391693562441],[-73.99163354337443,40.67353416746061],[-73.99164079578773,40.67318789238204],[-73.99145296606717,40.67286772325346],[-73.99107308967761,40.67267207036767],[-73.99066371681074,40.67256885575927],[-73.99029472541946,40.672261926031794],[-73.98983016011644,40.67242340990331],[-73.98942217454899,40.67255854018792],[-73.98912030423507,40.6727984085785],[-73.98852934351986,40.672902826418266],[-73.98874681233075,40.67335002360354],[-73.98839556161667,40.67366919508135],[-73.98875388249826,40.67396496583969],[-73.98871109243187,40.67436823805764],[-73.9892392070034,40.67445202145483],[-73.98943809799798,40.674886400728205],[-73.98995081266278,40.674887857825176],[-73.99037919051186,40.67464830145663],[-73.99077191672342,40.67456817762971],[-73.99118593949979,40.674449381829746],[-73.99141087297275,40.674161002961675]]]},"properties":{"scenario":4,"depth_ft":1.9,"probability":0.86,"category":"Major","neighborhood":"Gowanus Canal","borough":"Brooklyn"}},{"type":"Feature","geometry":{"type":"Polygon","coordinates":[[[-73.9861694268301,40.67676683585725],[-73.98627710141183,40.677077560924985],[-73.98682354856206,40.67704200404786],[-73.98716251068474,40.67727318854471],[-73.98771571095602,40.67704288741902],[-73.98823247641621,40.6769545078724],[-73.98855011711181,40.676596902545434],[-73.98898581385534,40.67637588464542],[-73.98913196877652,40.67606157085307],[-73.98945099289686,40.675743176525216],[-73.98950265528752,40.67541741211487],[-73.9892690423863,40.675189394250935],[-73.98899043040024,40.675006892132735],[-73.98857350008441,40.674957586188086],[-73.98820760684912,40.67482698066705],[-73.98771387906132,40.67477168758564],[-73.98725715297664,40.67511895308508],[-73.98686054158158,40.675349725000885],[-73.98630695589615,40.675542187221076],[-73.98613609790488,40.67588985306365],[-73.98617879435267,40.676190180216075],[-73.98608941623634,40.676492152667834],[-73.9861694268301,40.67676683585725]]]},"properties":{"scenario":4,"depth_ft":1.43,"probability":0.93,"category":"Moderate","neighborhood":"Gowanus Canal","borough":"Brooklyn"}},{"type":"Feature","geometry":{"type":"Polygon","coordinates":[[[-73.99066395953191,40.67626183381843],[-73.99092110551254,40.676455016533694],[-73.99119552882918,40.67621236162047],[-73.9914370955007,40.676033064429056],[-73.99164607607318,40.67581096772722],[-73.99179795320701,40.67554121388516],[-73.99190379032646,40.67524665503848],[-73.99212374924183,40.67487660485196],[-73.99195743945866,40.67458836994794],[-73.99180212588104,40.67431637791214],[-73.99154968344037,40.67415551544126],[-73.99124912949608,40.67413260754644],[-73.99096273779256,40.673991447713234],[-73.99063789095055,40.674105224582625],[-73.99039019538618,40.674383807290376],[-73.99025709311957,40.67470955354012],[-73.99007466852402,40.67495975013558],[-73.98996962856683,40.67525781937267],[-73.98977445872184,40.67562294045467],[-73.98996760515837,40.675888489867575],[-73.9901348988559,40.67612915293535],[-73.99038443931482,40.67625648330163],[-73.99066395953191,40.67626183381843]]]},"properties":{"scenario":4,"depth_ft":2.05,"probability":0.9,"category":"Major","neighborhood":"Gowanus Canal","borough":"Brooklyn"}},{"type":"Feature","geometry":{"type":"Polygon","coordinates":[[[-73.99171935769647,40.67807430363465],[-73.99211850267038,40.67801033783421],[-73.99244684488515,40.677731306121274],[-73.99269339389105,40.67739983161571],[-73.99316635628969,40.67722047618513],[-73.99327641032998,40.6767293964976],[-73.99320861457988,40.67625124087927],[-73.99301879080944,40.6758610405703],[-73.99307973944687,40.67529330183893],[-73.99270473868899,40.6750519693762],[-73.99235751486997,40.67481550059498],[-73.99195028848874,40.674793473159994],[-73.9915305638566,40.674716837817144],[-73.99126408820891,40.67520380891579],[-73.99094529360184,40.675413149985864],[-73.99064393675572,40.6757124627066],[-73.99034868814667,40.67611053497783],[-73.99043999236999,40.676601198205425],[-73.9905287834881,40.67704734473044],[-73.99060621046036,40.67754265251009],[-73.99099328355844,40.67775485330158],[-73.99137097822357,40.67785665291164],[-73.99171935769647,40.67807430363465]]]},"properties":{"scenario":4,"depth_ft":1.76,"probability":0.96,"category":"Major","neighborhood":"Gowanus Canal","borough":"Brooklyn"}},{"type":"Feature","geometry":{"type":"Polygon","coordinates":[[[-73.99331930446942,40.674963660959214],[-73.9936747158882,40.67497739404419],[-73.99403268886141,40.674947193752224],[-73.9944072881441,40.67487751767648],[-73.99461393320135,40.674655360704286],[-73.99466600897642,40.67440101669723],[-73.99502064313769,40.6741839525459],[-73.99474960066573,40.67392705345446],[-73.99473206680135,40.67364641567652],[-73.9944232020449,40.67346518812074],[-73.99404466221198,40.67339973493587],[-73.99375712470224,40.673180061742286],[-73.99334721869103,40.67309113649723],[-73.99299833399724,40.67326095397238],[-73.99264373807141,40.673364113477234],[-73.99234003621241,40.67353903778],[-73.99238367646151,40.67384097856631],[-73.99207542909772,40.67406049016371],[-73.99203370612743,40.674358231305085],[-73.99236088963626,40.674580120550594],[-73.99253211710112,40.67484823645267],[-73.99298935678932,40.674868104824725],[-73.99331930446942,40.674963660959214]]]},"properties":{"scenario":4,"depth_ft":2.09,"probability":0.9,"category":"Major","neighborhood":"Gowanus Canal","borough":"Brooklyn"}},{"type":"Feature","geometry":{"type":"Polygon","coordinates":[[[-73.98965920892645,40.67539535532013],[-73.98999263687556,40.6750999177889],[-73.99027073125684,40.67510004534401],[-73.99055747903334,40.67487462070782],[-73.9908819177584,40.67462138011893],[-73.99087976334502,40.67408548015809],[-73.99107602801207,40.673708500591204],[-73.99109905816884,40.67331057014061],[-73.9910680349671,40.672940583079765],[-73.99106590178556,40.672485683652795],[-73.99078842545495,40.67238913614522],[-73.9905300748949,40.67233456222352],[-73.99025116988847,40.67244587305581],[-73.98997596986085,40.67245036519606],[-73.98967848266138,40.67263696140468],[-73.98938309311852,40.67293560128894],[-73.9892886941358,40.67341676641565],[-73.98918575175074,40.67382484395411],[-73.98903094003022,40.67427754442729],[-73.98905557484592,40.674699845112954],[-73.98932522203275,40.67485010291004],[-73.98946707356662,40.67512335152316],[-73.98965920892645,40.67539535532013]]]},"properties":{"scenario":4,"depth_ft":1.43,"probability":0.96,"category":"Moderate","neighborhood":"Gowanus Canal","borough":"Brooklyn"}},{"type":"Feature","geometry":{"type":"Polygon","coordinates":[[[-73.99103799094345,40.676873427028966],[-73.9913945626351,40.676704484691705],[-73.99166579720445,40.676848046488715],[-73.99198475553301,40.676590824767054],[-73.99224939111136,40.67630337868645],[-73.99259535348908,40.6760708655483],[-73.99285271279021,40.67570170924379],[-73.99289985105001,40.67531284238707],[-73.99269802348087,40.67506742947693],[-73.99267805587108,40.67477459796535],[-73.99268493080511,40.67438074221535],[-73.99240107053281,40.67429433806453],[-73.99204998674468,40.67444003125308],[-73.99176671685937,40.67441654334327],[-73.9914095753142,40.67442395788903],[-73.99110884389435,40.6747642064531],[-73.990900179759,40.67513479091843],[-73.99075989050357,40.6754891525903],[-73.99071774971706,40.6758181364658],[-73.99061169131133,40.67617259118674],[-73.99052858984957,40.676592615566506],[-73.99075507026366,40.67678762085104],[-73.99103799094345,40.676873427028966]]]},"properties":{"scenario":4,"depth_ft":1.87,"probability":0.86,"category":"Major","neighborhood":"Gowanus Canal","borough":"Brooklyn"}},{"type":"Feature","geometry":{"type":"Polygon","coordinates":[[[-73.99081336436107,40.67600590018871],[-73.99118581048158,40.67612269089152],[-73.99165450321952,40.675958918783984],[-73.99207205818462,40.67576990891797],[-73.9925408906586,40.6756635825757],[-73.99278723624379,40.675219111258826],[-73.99314595346456,40.67489262322216],[-73.99349623110363,40.6744789753457],[-73.99321935540999,40.67415411263456],[-73.9932811267427,40.673775145396135],[-73.99328337583528,40.67334875508171],[-73.99277911130095,40.67339870264704],[-73.9925471248438,40.67311662249647],[-73.99212457070178,40.67309164670092],[-73.99169292115059,40.67346678734244],[-73.99130572064708,40.67366829544413],[-73.99078004302233,40.67383715667854],[-73.99068663446275,40.674312001197634],[-73.99031501266477,40.67470389238651],[-73.99053981587046,40.67503181539003],[-73.99036279236157,40.67547738982884],[-73.99053197380452,40.67578605745722],[-73.99081336436107,40.67600590018871]]]},"properties":{"scenario":4,"depth_ft":1.38,"probability":0.96,"category":"Moderate","neighborhood":"Gowanus Canal","borough":"Brooklyn"}},{"type":"Feature","geometry":{"type":"Polygon","coordinates":[[[-73.99049122347436,40.675976165949315],[-73.99062734604097,40.675567655579066],[-73.9908627016111,40.67528387829062],[-73.99104718323986,40.67493332812472],[-73.99105472169269,40.674490807145744],[-73.99054211104604,40.67411377483662],[-73.99029501787997,40.67372162464444],[-73.98992956560829,40.67334625339243],[-73.98943655610114,40.67312843793117],[-73.98891038801446,40.672904623171846],[-73.98838320138398,40.672892003509446],[-73.98804643654448,40.67316862271925],[-73.98757362050542,40.67329108151761],[-73.98773846801886,40.67383100313321],[-73.98755807582398,40.67414643124284],[-73.98743595122905,40.67455339694488],[-73.98758623713225,40.67503115795451],[-73.98810099456249,40.67536419410991],[-73.98859007813019,40.67558345031719],[-73.98900541518651,40.675973895548026],[-73.98953842052053,40.676130689360896],[-73.9899498862333,40.675925235089096],[-73.99049122347436,40.675976165949315]]]},"properties":{"scenario":4,"depth_ft":1.41,"probability":0.86,"category":"Moderate","neighborhood":"Gowanus Canal","borough":"Brooklyn"}},{"type":"Feature","geometry":{"type":"Polygon","coordinates":[[[-74.08224680973467,40.59505249455792],[-74.08247460984627,40.59515862062187],[-74.08268008416228,40.595298353021285],[-74.08296807979195,40.5954134228153],[-74.0833434426568,40.59535361858961],[-74.08368978707199,40.59519567887061],[-74.08387712962995,40.594928988490025],[-74.08429184521027,40.5948029081713],[-74.08437287567662,40.594541338756216],[-74.08443292610686,40.59430036765989],[-74.08426484255611,40.59412341594228],[-74.08414624006392,40.59395878154129],[-74.08404897782614,40.59375684850416],[-74.08386526138003,40.59354637606391],[-74.08345752545283,40.59367538908641],[-74.08310912665115,40.59357941116259],[-74.08275966879798,40.59376512790439],[-74.08246990791653,40.59396925356929],[-74.08233215326604,40.59422034498807],[-74.08223520939664,40.59443969554145],[-74.08212343891131,40.59465827942578],[-74.08194629264358,40.594937105233676],[-74.08224680973467,40.59505249455792]]]},"properties":{"scenario":1.5,"depth_ft":1.51,"probability":0.89,"category":"Major","neighborhood":"Staten Island East Shore","borough":"Staten Island"}},{"type":"Feature","geometry":{"type":"Polygon","coordinates":[[[-74.08228255211979,40.595794811682524],[-74.08227014528718,40.59594025091614],[-74.08235929330219,40.59608108346595],[-74.08265463152827,40.596110929144004],[-74.08288030944792,40.59617487029957],[-74.08315087149211,40.59621867030358],[-74.0834265018537,40.59614100785498],[-74.08365005393638,40.596045379819664],[-74.08398113691597,40.59600044433935],[-74.08402956327929,40.59583459427275],[-74.0842785954754,40.59570123312386],[-74.08406129924863,40.595567607876355],[-74.08410417821767,40.595417261101986],[-74.08386993145658,40.59534575738475],[-74.08379997120284,40.59517775967196],[-74.08349579013104,40.5951710660409],[-74.08321214820832,40.5952198155476],[-74.08295386776274,40.59524210779963],[-74.08258685693905,40.59521122031505],[-74.0823590397336,40.59534776197877],[-74.08239156096926,40.59553451214574],[-74.08222872456571,40.59566086408251],[-74.08228255211979,40.595794811682524]]]},"properties":{"scenario":1.5,"depth_ft":1.67,"probability":0.8,"category":"Major","neighborhood":"Staten Island East Shore","borough":"Staten Island"}},{"type":"Feature","geometry":{"type":"Polygon","coordinates":[[[-74.0814110885232,40.5934528023867],[-74.08141684808115,40.59325665455715],[-74.08132616833697,40.593063441046006],[-74.08120919739862,40.59286360097264],[-74.08096544296471,40.59270236112865],[-74.0806822706552,40.592537677591785],[-74.08031074474192,40.59254311491054],[-74.0800172908719,40.59266399724209],[-74.07965507997977,40.59262566752106],[-74.07935037911963,40.59272213861687],[-74.07927606056732,40.59293745559691],[-74.07918960517829,40.593121063681764],[-74.0791642697359,40.5933162224814],[-74.07910112990827,40.59354480273592],[-74.07940557236319,40.59369850139308],[-74.07968387056677,40.59382033418338],[-74.07995077302566,40.59395558729686],[-74.08028242236344,40.59397657642194],[-74.08057893887707,40.59391775846243],[-74.08093615415338,40.59394600343089],[-74.08123506568491,40.593846464080634],[-74.08148604511618,40.593693264405076],[-74.0814110885232,40.5934528023867]]]},"properties":{"scenario":1.5,"depth_ft":1.42,"probability":0.84,"category":"Moderate","neighborhood":"Staten Island East Shore","borough":"Staten Island"}},{"type":"Feature","geometry":{"type":"Polygon","coordinates":[[[-74.08341915431942,40.5932338622452],[-74.08348554281284,40.59333169463004],[-74.08367934089256,40.59338239040256],[-74.08376697699273,40.59349200948187],[-74.08402944682324,40.59349643622673],[-74.08429071164345,40.593463583593085],[-74.08453673427834,40.593424555613076],[-74.08471875023778,40.59333137258145],[-74.08498120118051,40.59327849827368],[-74.08505910547893,40.59316618300423],[-74.08506459546443,40.59306586471485],[-74.08520145481135,40.592953357168625],[-74.08510041419353,40.5928674359694],[-74.08504977009638,40.59275999779338],[-74.0848580250764,40.59270053280582],[-74.08461626353895,40.5926742454167],[-74.08434404020613,40.592732760378],[-74.08409017244747,40.59274713425594],[-74.08381824586142,40.59279473414336],[-74.08372910089194,40.592927318222394],[-74.08354541699786,40.593015587865224],[-74.08341363547534,40.59312459476551],[-74.08341915431942,40.5932338622452]]]},"properties":{"scenario":1.5,"depth_ft":1.8,"probability":0.78,"category":"Major","neighborhood":"Staten Island East Shore","borough":"Staten Island"}},{"type":"Feature","geometry":{"type":"Polygon","coordinates":[[[-74.0810139452801,40.596730507784535],[-74.08109166551723,40.59687435159444],[-74.08131187317653,40.59694304429879],[-74.08149997537328,40.59701183926364],[-74.08173061888012,40.597006372764156],[-74.0819549333679,40.597064783693874],[-74.08220252328513,40.59702103912275],[-74.08238264033952,40.596898602770516],[-74.08257412974326,40.59679349579023],[-74.0827501993285,40.59666128131545],[-74.08282620029634,40.59649873119278],[-74.0827007607012,40.59635926565118],[-74.08260254040314,40.59623531426734],[-74.08251233090611,40.596096338252615],[-74.08230486935979,40.596022975933366],[-74.08206930139524,40.595980673791104],[-74.08180902690691,40.59596723360498],[-74.08156246554724,40.59604891934756],[-74.08143270622517,40.59621176955332],[-74.08124144973699,40.59630094253096],[-74.08116525066728,40.59643690633909],[-74.08113765652551,40.59657061640989],[-74.0810139452801,40.596730507784535]]]},"properties":{"scenario":2.13,"depth_ft":1.74,"probability":0.89,"category":"Major","neighborhood":"Staten Island East Shore","borough":"Staten Island"}},{"type":"Feature","geometry":{"type":"Polygon","coordinates":[[[-74.0837505921335,40.596055880733125],[-74.08394795269294,40.595917088045134],[-74.08422706530568,40.595866361793604],[-74.08430409747172,40.59557016009966],[-74.08421414227149,40.59522320635686],[-74.08439428091162,40.59493027247514],[-74.0841450632756,40.59461744794474],[-74.08396643548208,40.59433025435035],[-74.08371565637745,40.59414638061433],[-74.08348486971975,40.59390127500187],[-74.08320609857685,40.59377906917552],[-74.0829699628169,40.593881140414666],[-74.08267373244932,40.593844245014985],[-74.08258700986603,40.59414647402973],[-74.08245135155946,40.594362269247526],[-74.08228665929508,40.5946125598829],[-74.08243780622817,40.59496861774433],[-74.08249689785481,40.59531158359184],[-74.08276714248807,40.59554490660664],[-74.08290843339338,40.595940914765976],[-74.08321674883054,40.59604910959931],[-74.08349088825955,40.596036983128734],[-74.0837505921335,40.596055880733125]]]},"properties":{"scenario":2.13,"depth_ft":1.9,"probability":0.86,"category":"Major","neighborhood":"Staten Island East Shore","borough":"Staten Island"}},{"type":"Feature","geometry":{"type":"Polygon","coordinates":[[[-74.08051987827614,40.59589947600187],[-74.08059727765004,40.59575762572718],[-74.08073058014351,40.59567543237487],[-74.08064068839974,40.59543270593339],[-74.08071546424021,40.595270992914585],[-74.0805564197146,40.59504975478501],[-74.08039401524226,40.594873189642065],[-74.08030749651395,40.594597961743794],[-74.08008465583836,40.59454144005716],[-74.07989373806075,40.59440810122948],[-74.07973462937704,40.59443059483581],[-74.07955665734974,40.59440172982777],[-74.07937579268535,40.59441454781298],[-74.07933971006722,40.59459483732777],[-74.07933607688042,40.594783398954895],[-74.07931363987585,40.594975147135656],[-74.07943303161909,40.59520680743064],[-74.07957393682956,40.59542652915721],[-74.07975363353916,40.59561774863077],[-74.07995764561964,40.59571417093855],[-74.08014374766576,40.595810000301114],[-74.08036187550023,40.59594788382203],[-74.08051987827614,40.59589947600187]]]},"properties":{"scenario":2.13,"depth_ft":1.19,"probability":0.92,"category":"Moderate","neighborhood":"Staten Island East Shore","borough":"Staten Island"}},{"type":"Feature","geometry":{"type":"Polygon","coordinates":[[[-74.08015797186567,40.594513880134606],[-74.08022481658428,40.594281447518966],[-74.08008220205026,40.59407522561964],[-74.07995902940888,40.59386655114888],[-74.07973982114949,40.59371254909329],[-74.07944605449819,40.59369030602178],[-74.07918000399245,40.59366319373612],[-74.07892488429665,40.59372712854319],[-74.07864909456215,40.593767285035796],[-74.07853916183741,40.59398543264084],[-74.07828488866694,40.5941085887307],[-74.07834263520621,40.59433981698253],[-74.0783586095289,40.594532991118754],[-74.0782027289073,40.594803152597414],[-74.07850764878629,40.594912164677226],[-74.07864323041129,40.59512400973499],[-74.07893979008377,40.59513168383167],[-74.07919774880355,40.595093622383665],[-74.07945326197535,40.595113149644995],[-74.0796674129397,40.59499935375341],[-74.07998169149307,40.594951736339944],[-74.07995720708058,40.594686208758056],[-74.08015797186567,40.594513880134606]]]},"properties":{"scenario":2.13,"depth_ft":1.7,"probability":0.94,"category":"Major","neighborhood":"Staten Island East Shore","borough":"Staten Island"}},{"type":"Feature","geometry":{"type":"Polygon","coordinates":[[[-74.07839713865621,40.5955638055539],[-74.07872801937532,40.59571960543754],[-74.07894827659675,40.59590338956768],[-74.07929871405594,40.595977422949915],[-74.07967395992704,40.59595597144804],[-74.08001596762692,40.59586997502536],[-74.08047888587325,40.59596652169148],[-74.08064989814888,40.595664028196815],[-74.08108084418063,40.595537726033015],[-74.08124589554393,40.59527816314199],[-74.08130066948495,40.59500988860778],[-74.08112003788695,40.594786921946024],[-74.08088002731485,40.59462193376219],[-74.08083296935646,40.59431706693737],[-74.08038557672214,40.59432343564925],[-74.08000856690684,40.59434755123296],[-74.07963256393815,40.59429385262768],[-74.0792653281554,40.594415861263634],[-74.07885602204072,40.594527652151406],[-74.07869939280381,40.594796250739435],[-74.07843017677672,40.59502480901354],[-74.07860804582161,40.59527167252401],[-74.07839713865621,40.5955638055539]]]},"properties":{"scenario":2.13,"depth_ft":1.77,"probability":0.77,"category":"Major","neighborhood":"Staten Island East Shore","borough":"Staten Island"}},{"type":"Feature","geometry":{"type":"Polygon","coordinates":[[[-74.0820828904591,40.59408089219768],[-74.0822174389185,40.5937889006179],[-74.08206126251402,40.593465203472505],[-74.08142495249042,40.59326421451167],[-74.08107329410481,40.59306558472292],[-74.08068074472445,40.59289282080817],[-74.08023592902435,40.592694245117656],[-74.07976095463941,40.592753137768995],[-74.07929817877209,40.5927683308297],[-74.07893505376805,40.59289714715103],[-74.07851437600098,40.59301828967088],[-74.07832290579942,40.59326018178224],[-74.07830401766479,40.59354160003643],[-74.07864465022348,40.59380891038498],[-74.0787026132165,40.59410181813433],[-74.07912441918052,40.59430953776465],[-74.07949163794866,40.59459183492151],[-74.0800538982047,40.59462868155085],[-74.08057303821263,40.59466520018533],[-74.0811676191914,40.59473169180176],[-74.08164542240377,40.594601063631565],[-74.08172072227036,40.59427589032336],[-74.0820828904591,40.59408089219768]]]},"properties":{"scenario":3,"depth_ft":1.5,"probability":0.85,"category":"Moderate","neighborhood":"Staten Island East Shore","borough":"Staten Island"}},{"type":"Feature","geometry":{"type":"Polygon","coordinates":[[[-74.07879197127612,40.59468387841941],[-74.07895121567802,40.594846077003076],[-74.07918534646487,40.595000222972054],[-74.07958758591727,40.59469276142002],[-74.0799009510892,40.594625276433966],[-74.08026261269936,40.59449994576875],[-74.08042663907842,40.594194175309404],[-74.08068677685529,40.59395353954295],[-74.0810160438991,40.593645543020784],[-74.08093400482197,40.593393186322885],[-74.08077452521667,40.59321455204461],[-74.08053889823714,40.59312488838057],[-74.08033961436837,40.593021761588616],[-74.08015044159326,40.592818396404866],[-74.07976969375166,40.59299925941565],[-74.07940054180521,40.59302703511718],[-74.07908917560091,40.59330085710584],[-74.0787913647911,40.593550450531545],[-74.07852106262109,40.59383390645042],[-74.07835941226105,40.59414405521432],[-74.07841200325295,40.594401977790916],[-74.07859073100067,40.59456871779886],[-74.07879197127612,40.59468387841941]]]},"properties":{"scenario":3,"depth_ft":2.03,"probability":0.96,"category":"Major","neighborhood":"Staten Island East Shore","borough":"Staten Island"}},{"type":"Feature","geometry":{"type":"Polygon","coordinates":[[[-74.0839164789153,40.59678897503598],[-74.08411949919713,40.59660799014338],[-74.08390663749717,40.59638079383989],[-74.0840152944945,40.59610874004254],[-74.08355097567602,40.59599148634555],[-74.08334101311148,40.59574774639652],[-74.08296600408751,40.59559806567542],[-74.0825476367207,40.59554931624434],[-74.08219727148786,40.59564703129978],[-74.08195353366644,40.59579923746521],[-74.08146686438883,40.595803777024926],[-74.08152484852388,40.59609303365242],[-74.08136361836314,40.596294320657925],[-74.08152289026114,40.59653310771958],[-74.08148501039366,40.596806736255694],[-74.0819721392457,40.59691955557917],[-74.08223756353246,40.59709916358396],[-74.08256128172738,40.59731705581939],[-74.08296251870915,40.59727934986056],[-74.08337384488307,40.59732030561468],[-74.08373873272444,40.5972400136837],[-74.08406076196465,40.59710304067351],[-74.0839164789153,40.59678897503598]]]},"properties":{"scenario":3,"depth_ft":1.37,"probability":0.81,"category":"Moderate","neighborhood":"Staten Island East Shore","borough":"Staten Island"}},{"type":"Feature","geometry":{"type":"Polygon","coordinates":[[[-74.08174232662088,40.59332146003761],[-74.08188320858457,40.5935187727526],[-74.08210861733392,40.59368097264683],[-74.08241100242499,40.59379407046255],[-74.08266463367839,40.593975581395135],[-74.08309918023055,40.59392039623659],[-74.0835093342843,40.59397651174258],[-74.08391801064916,40.59389794466773],[-74.08415632064677,40.59370138449065],[-74.08436759494364,40.593530278767794],[-74.08481508110225,40.593372050629895],[-74.0845745868306,40.59314769756921],[-74.08464011603407,40.59292378683173],[-74.08424053509636,40.592815154431186],[-74.08405508942312,40.59264490746351],[-74.08370707687992,40.592569282532935],[-74.08333861122895,40.59251415858138],[-74.08289981531769,40.5924244972612],[-74.08257541328263,40.592621425884715],[-74.08218612972378,40.59271526533492],[-74.08211751444274,40.5929452684582],[-74.08182119135111,40.59310790247066],[-74.08174232662088,40.59332146003761]]]},"properties":{"scenario":3,"depth_ft":1.91,"probability":0.96,"category":"Major","neighborhood":"Staten Island East Shore","borough":"Staten Island"}},{"type":"Feature","geometry":{"type":"Polygon","coordinates":[[[-74.08173283048548,40.595590523126816],[-74.08212694616591,40.595539984395785],[-74.08254252356889,40.59542924197752],[-74.08266921991957,40.59516313284482],[-74.08266494495065,40.594923279688494],[-74.0828711391916,40.59469655157804],[-74.08267096751152,40.59450286271808],[-74.08264279014352,40.59425586947463],[-74.0823474690156,40.594113982319],[-74.08206265480968,40.59393023728238],[-74.08160831305044,40.59408534505736],[-74.081197894051,40.59392658620763],[-74.08084396203638,40.594115589819545],[-74.08053095970742,40.59428817524494],[-74.08041600561279,40.59453014168148],[-74.08022760972985,40.594733133881036],[-74.07996445466559,40.594980370276545],[-74.08008009024852,40.595223184810656],[-74.0803185672944,40.595415306373916],[-74.08055599374651,40.595611059587995],[-74.0809116738328,40.59573802052979],[-74.08135587285402,40.595661743200814],[-74.08173283048548,40.595590523126816]]]},"properties":{"scenario":3,"depth_ft":2.04,"probability":0.89,"category":"Major","neighborhood":"Staten Island East Shore","borough":"Staten Island"}},{"type":"Feature","geometry":{"type":"Polygon","coordinates":[[[-74.08293248518902,40.59361384916487],[-74.08318537642967,40.5934506815064],[-74.08333000926119,40.59320405140654],[-74.0829395747148,40.5929659235128],[-74.0828351501662,40.59269896010509],[-74.0824439206218,40.592562675648495],[-74.08215366383486,40.59229730523861],[-74.08173447920802,40.592324212493125],[-74.08133485445629,40.59226618426844],[-74.08101740987226,40.592371752644695],[-74.08069559063543,40.59247063897177],[-74.08069088850883,40.59273671718454],[-74.08054135134772,40.592920718539226],[-74.0803070754618,40.593147003200144],[-74.08043813087673,40.59343063834315],[-74.0808119673575,40.593641077763095],[-74.0811058983365,40.59386004954611],[-74.08152201332182,40.593920664664445],[-74.08188584344906,40.59398632497374],[-74.08225422700238,40.594018103035594],[-74.08252111549102,40.59389261513332],[-74.0830015502859,40.59392634733104],[-74.08293248518902,40.59361384916487]]]},"properties":{"scenario":3,"depth_ft":1.55,"probability":0.86,"category":"Major","neighborhood":"Staten Island East Shore","borough":"Staten Island"}},{"type":"Feature","geometry":{"type":"Polygon","coordinates":[[[-74.08397646422509,40.59685464257426],[-74.08424629361681,40.59675755101454],[-74.0844601421417,40.59647413584561],[-74.08470701644546,40.596326309324084],[-74.08482947744925,40.59596848457839],[-74.08494218951104,40.5956263864353],[-74.08519912892058,40.595223398467674],[-74.08503129072969,40.59485094341053],[-74.08496857311393,40.59445058973936],[-74.08479603216328,40.594138678811895],[-74.0844917287872,40.59416041342803],[-74.08427392850572,40.593941542510954],[-74.08398751432685,40.59382920122986],[-74.08376892568903,40.59423968679745],[-74.08345617648102,40.594318129965195],[-74.08330989823943,40.594725989051696],[-74.08325015940814,40.595142821026855],[-74.0832284191692,40.59553485656729],[-74.08322167383052,40.595934224486754],[-74.08325116536301,40.59637092967372],[-74.0835522724553,40.596466118601256],[-74.08376573815166,40.59660532463003],[-74.08397646422509,40.59685464257426]]]},"properties":{"scenario":3,"depth_ft":1.67,"probability":0.88,"category":"Major","neighborhood":"Staten Island East Shore","borough":"Staten Island"}},{"type":"Feature","geometry":{"type":"Polygon","coordinates":[[[-74.08235315225518,40.596671249036866],[-74.08258869240093,40.596809208141664],[-74.08285819070655,40.596886621283716],[-74.08313369757298,40.59692357210227],[-74.08341947221527,40.59693608756799],[-74.08368893057116,40.5968509065672],[-74.08388290053233,40.59669022149178],[-74.08405716420774,40.596532728799154],[-74.0842383434752,40.596358071364236],[-74.08433268465419,40.59613888316392],[-74.0841753567167,40.59594298117491],[-74.08409958918098,40.59573849395827],[-74.0839194902651,40.5955708036856],[-74.08364234845219,40.59550659013542],[-74.08337034874964,40.595480098163115],[-74.08309640050224,40.595480230881826],[-74.08276768294373,40.59545151558416],[-74.08265641688732,40.59571506958898],[-74.08244181307485,40.59584376945764],[-74.08237035701418,40.59603942202116],[-74.08235306515984,40.59623295877972],[-74.0821884671929,40.59647595562738],[-74.08235315225518,40.596671249036866]]]},"properties":{"scenario":3.66,"depth_ft":1.4,"probability":0.96,"category":"Moderate","neighborhood":"Staten Island East Shore","borough":"Staten Island"}},{"type":"Feature","geometry":{"type":"Polygon","coordinates":[[[-74.0795610106929,40.59365344619725],[-74.07941940126412,40.593834846462904],[-74.07967705504906,40.59394919276157],[-74.08008294888704,40.59401351849307],[-74.0805657362363,40.59404013986422],[-74.0811307673773,40.59396138296704],[-74.08171761804209,40.59397186764524],[-74.0823158103369,40.5938513291565],[-74.0825835747779,40.593641908872144],[-74.08275327702303,40.59347417837783],[-74.08325617762343,40.59330390584432],[-74.08295281818036,40.593179171306936],[-74.08336176873301,40.59293873945114],[-74.0829025073781,40.59286522740184],[-74.08229173014918,40.59289671357662],[-74.08189075019541,40.59285853292852],[-74.08139706021842,40.59289192242812],[-74.08081236334628,40.59285341869188],[-74.08041620897994,40.593061033877646],[-74.07975580935948,40.59315444224824],[-74.0795243138612,40.59334545626399],[-74.07914140511929,40.59353353169729],[-74.0795610106929,40.59365344619725]]]},"properties":{"scenario":3.66,"depth_ft":1.77,"probability":0.96,"category":"Major","neighborhood":"Staten Island East Shore","borough":"Staten Island"}},{"type":"Feature","geometry":{"type":"Polygon","coordinates":[[[-74.08172791139935,40.59640457781854],[-74.08201813744623,40.5964610082167],[-74.08227648486519,40.596607440151196],[-74.08261589362117,40.59639531235417],[-74.08288792196,40.59626114220715],[-74.08328195763451,40.59623424672441],[-74.08335174397045,40.59591965055068],[-74.08366462669288,40.595712848140835],[-74.0837340380346,40.59544001696302],[-74.08360225011283,40.59522174802975],[-74.08353628885926,40.594995486773755],[-74.0833092339895,40.59487243696723],[-74.08313157958008,40.59468010590278],[-74.08281460753561,40.594659907107626],[-74.08249587769977,40.59487228670822],[-74.08214254624211,40.59479741119606],[-74.08183225128622,40.5949810115835],[-74.0817162248745,40.59527404720322],[-74.08164142250028,40.595515702253174],[-74.08132672535783,40.59577562307775],[-74.08160176154173,40.595952067717775],[-74.08167535175484,40.59614892949701],[-74.08172791139935,40.59640457781854]]]},"properties":{"scenario":3.66,"depth_ft":1.38,"probability":0.94,"category":"Moderate","neighborhood":"Staten Island East Shore","borough":"Staten Island"}},{"type":"Feature","geometry":{"type":"Polygon","coordinates":[[[-74.08262112286991,40.59470424591968],[-74.0829360480656,40.594312759669585],[-74.08324917215096,40.5942579553294],[-74.08361850719409,40.59415696695098],[-74.08383556704656,40.5938177010816],[-74.08394254521959,40.59342239292515],[-74.08391946434602,40.593022734475596],[-74.08395704256979,40.59259191097591],[-74.08370052108658,40.592289553588266],[-74.08348319652848,40.59196621853325],[-74.08317003044458,40.591745039515565],[-74.082794118912,40.59176492529406],[-74.08243569073117,40.59178851176007],[-74.0820789589809,40.59190833576443],[-74.081911286004,40.59231413434704],[-74.08169208962751,40.592597194671285],[-74.08145607985372,40.59292768247589],[-74.08154641719857,40.59332636966022],[-74.08157174752932,40.59371262567949],[-74.0817955052318,40.59399873184713],[-74.08209318245471,40.594146337967445],[-74.08228880622858,40.59449467351839],[-74.08262112286991,40.59470424591968]]]},"properties":{"scenario":3.66,"depth_ft":1.8,"probability":0.94,"category":"Major","neighborhood":"Staten Island East Shore","borough":"Staten Island"}},{"type":"Feature","geometry":{"type":"Polygon","coordinates":[[[-74.08138572871218,40.59645772282026],[-74.08159534123911,40.59671642814024],[-74.08190845098821,40.59658691014815],[-74.08215253468522,40.596290025505226],[-74.08248718148768,40.59616755059137],[-74.08266749998613,40.59582862865429],[-74.08271772031648,40.59547952396632],[-74.08264148280432,40.59519268629943],[-74.08274470914928,40.59484776384657],[-74.08257597173018,40.59464424975841],[-74.08248785079613,40.59433612014079],[-74.08214639452528,40.59445222331247],[-74.08192995597942,40.59427877513986],[-74.08165365981542,40.594487034869175],[-74.0814099881768,40.594650028470845],[-74.08112139767735,40.594791569981574],[-74.08086827032207,40.59505945720659],[-74.08091401148695,40.595413630037875],[-74.08065106409677,40.59576864485712],[-74.08078304929653,40.596049386101804],[-74.08102436238357,40.59618538587207],[-74.0811460232697,40.59640834143615],[-74.08138572871218,40.59645772282026]]]},"properties":{"scenario":3.66,"depth_ft":1.68,"probability":0.87,"category":"Major","neighborhood":"Staten Island East Shore","borough":"Staten Island"}},{"type":"Feature","geometry":{"type":"Polygon","coordinates":[[[-74.08095187566927,40.59623094429259],[-74.08094824055068,40.59604499161769],[-74.08085053493294,40.5958374627171],[-74.08085616304655,40.59564980347153],[-74.08065441562344,40.595403023253475],[-74.08029920826489,40.595178243422495],[-74.07996498205367,40.59494963745855],[-74.07957189328856,40.5947201615652],[-74.07917749458893,40.59461497648947],[-74.0789949726577,40.59474702549588],[-74.0787442364502,40.594750137588385],[-74.07833023680107,40.59467861510413],[-74.07841774611487,40.59491948008809],[-74.07841133997759,40.595100642788005],[-74.07857707295881,40.59533488227636],[-74.0788584641979,40.595567125002646],[-74.07907888286913,40.59581433024835],[-74.07940744862393,40.59609037685832],[-74.07983064666603,40.59626571860806],[-74.08021931867718,40.59635731974826],[-74.08062869336074,40.596467082654755],[-74.08076757332884,40.596315431969394],[-74.08095187566927,40.59623094429259]]]},"properties":{"scenario":3.66,"depth_ft":1.43,"probability":0.87,"category":"Moderate","neighborhood":"Staten Island East Shore","borough":"Staten Island"}},{"type":"Feature","geometry":{"type":"Polygon","coordinates":[[[-74.08545434992173,40.59446725735116],[-74.0855775873713,40.59415311990202],[-74.08597397796879,40.59390659284282],[-74.08573055392773,40.59347868765292],[-74.08549389012977,40.593081742869515],[-74.08495877190613,40.59280931551383],[-74.08472237536809,40.5923138921317],[-74.08411285871819,40.59224104364501],[-74.08358719858118,40.592101242790136],[-74.08297605494101,40.59191063795148],[-74.08245134491098,40.591991003648275],[-74.08213211095196,40.592264574818],[-74.08220149423232,40.59270596494156],[-74.08215584532348,40.59303240708434],[-74.08225035220659,40.593385044263854],[-74.08235184773521,40.59376165998094],[-74.08267433458593,40.59413234517263],[-74.08312740164583,40.594447192062574],[-74.08368408808576,40.59451224249129],[-74.08418680938662,40.59474324402083],[-74.08460892940587,40.5946278639031],[-74.08500503406103,40.594546292003365],[-74.08545434992173,40.59446725735116]]]},"properties":{"scenario":3.66,"depth_ft":1.4,"probability":0.83,"category":"Moderate","neighborhood":"Staten Island East Shore","borough":"Staten Island"}},{"type":"Feature","geometry":{"type":"Polygon","coordinates":[[[-74.0825275590393,40.5960662051484],[-74.08276064718305,40.59616433244394],[-74.08280342964011,40.59632045418334],[-74.08306290031345,40.59640507463371],[-74.0834158845969,40.596417006894306],[-74.08377369549099,40.59645216736683],[-74.08411164122457,40.59629847317773],[-74.08447026507316,40.59623690337363],[-74.08472808961154,40.59610106860729],[-74.08492439275932,40.595953894752306],[-74.08498242468109,40.595801354026655],[-74.08513261022722,40.59563363093474],[-74.0850659911422,40.59548076690422],[-74.08470078350466,40.59543950195008],[-74.08460922345611,40.595262314495045],[-74.08423126162452,40.59524930462651],[-74.08384341325652,40.595285466353886],[-74.08351736978908,40.59542301506261],[-74.08307411274278,40.595426484305456],[-74.08294597232465,40.59562047080486],[-74.08275532826569,40.595758264703136],[-74.08239686946423,40.595915947249175],[-74.0825275590393,40.5960662051484]]]},"properties":{"scenario":3.66,"depth_ft":2.16,"probability":0.94,"category":"Major","neighborhood":"Staten Island East Shore","borough":"Staten Island"}},{"type":"Feature","geometry":{"type":"Polygon","coordinates":[[[-74.08115972726331,40.59438567100915],[-74.08164031956923,40.59451049878247],[-74.08196083783304,40.59425588215725],[-74.08232169063248,40.59401875812258],[-74.08238472327915,40.59362194050039],[-74.08234696191774,40.59324477256678],[-74.08220278880992,40.592901236556145],[-74.08192793849774,40.59263716918898],[-74.08182588291801,40.592220822311845],[-74.08141224690047,40.59207148946843],[-74.0810063991906,40.5918723387172],[-74.0805807576449,40.59200398677397],[-74.08022778717505,40.59217269366101],[-74.07976808453317,40.592229884246464],[-74.07969318155503,40.59263541150545],[-74.07925789279406,40.592874025435364],[-74.07949767771198,40.59328169524138],[-74.07937427927462,40.59368038481763],[-74.0797266655755,40.59396205452638],[-74.07989493235722,40.59436559663704],[-74.08034737146416,40.594488457089724],[-74.08078775624985,40.59441980155231],[-74.08115972726331,40.59438567100915]]]},"properties":{"scenario":3.66,"depth_ft":1.62,"probability":0.86,"category":"Major","neighborhood":"Staten Island East Shore","borough":"Staten Island"}},{"type":"Feature","geometry":{"type":"Polygon","coordinates":[[[-74.0829444321278,40.59571426414112],[-74.08295492611752,40.59555788243754],[-74.08290912349112,40.59538696617994],[-74.08294586802813,40.59517194396881],[-74.08257015116071,40.59497335225852],[-74.08214014388685,40.59480651459105],[-74.08167089200856,40.59473901173953],[-74.08129544798382,40.59477105937825],[-74.08076696688788,40.5945972560117],[-74.08037360916526,40.59463437705626],[-74.08021859965429,40.59479380487736],[-74.08020678949674,40.59497641478112],[-74.08006284846437,40.595123590840366],[-74.08035289583931,40.59532863367146],[-74.08046730790102,40.59551921401105],[-74.08088710613683,40.59565465012391],[-74.0812077574035,40.59579620728873],[-74.08157480208378,40.59593021119703],[-74.08200642205992,40.596051964691796],[-74.08230889089077,40.59596998436649],[-74.08272583545539,40.59599812254094],[-74.08283941862602,40.59584738084385],[-74.0829444321278,40.59571426414112]]]},"properties":{"scenario":4,"depth_ft":1.71,"probability":0.88,"category":"Major","neighborhood":"Staten Island East Shore","borough":"Staten Island"}},{"type":"Feature","geometry":{"type":"Polygon","coordinates":[[[-74.08045268524758,40.59473046458182],[-74.0804303926734,40.59446018828945],[-74.08058457732825,40.594334680522266],[-74.08045865820993,40.594063179121726],[-74.08037600580012,40.593817917107394],[-74.08029980527795,40.59352642328234],[-74.07995987162283,40.593308378597264],[-74.07966969066662,40.59311700855258],[-74.07935199179614,40.59279059738646],[-74.07904261108881,40.59276771796957],[-74.07876206811207,40.59275763672747],[-74.0785055903716,40.592792926351635],[-74.07830863701315,40.59290976599831],[-74.07830590419167,40.59316630542113],[-74.07849817865875,40.593477621595234],[-74.0785486955643,40.593728053569826],[-74.07876940598264,40.593996264755134],[-74.07897171293047,40.594292602066716],[-74.07930240817937,40.59447549275937],[-74.07961850688596,40.59466413266169],[-74.07990548068871,40.59470095421258],[-74.08021865563379,40.59478683112612],[-74.08045268524758,40.59473046458182]]]},"properties":{"scenario":4,"depth_ft":2.2,"probability":0.95,"category":"Major","neighborhood":"Staten Island East Shore","borough":"Staten Island"}},{"type":"Feature","geometry":{"type":"Polygon","coordinates":[[[-74.07909745030696,40.594210357360126],[-74.07916745177407,40.594415596051164],[-74.07934972502203,40.59458795232434],[-74.07969556350147,40.594583542887094],[-74.07993522641073,40.59471965790498],[-74.08024540479836,40.5947001301002],[-74.0804816809227,40.59453723770201],[-74.08071835042476,40.59443864961504],[-74.08089584526395,40.59429030265229],[-74.08118601819524,40.59414595187696],[-74.08112159168613,40.59392966074905],[-74.08105847004313,40.59374058437686],[-74.0809910383926,40.59354691317383],[-74.08081629487117,40.59338604187873],[-74.08058343498679,40.593250794964426],[-74.08026723111925,40.593251425464885],[-74.07996697788816,40.593250597787105],[-74.07964077708247,40.59326880753122],[-74.0795026711367,40.593507838080676],[-74.07926793624763,40.5936289471714],[-74.07913009912828,40.593809429485994],[-74.07904205925395,40.59401013188551],[-74.07909745030696,40.594210357360126]]]},"properties":{"scenario":4,"depth_ft":1.98,"probability":0.96,"category":"Major","neighborhood":"Staten Island East Shore","borough":"Staten Island"}},{"type":"Feature","geometry":{"type":"Polygon","coordinates":[[[-74.07745090111615,40.59533194937708],[-74.07742084580063,40.59568955109309],[-74.07790519472502,40.59592010526235],[-74.07812529698256,40.59626106468093],[-74.07861623128186,40.59649508635532],[-74.079235681913,40.596637414080746],[-74.07988375003758,40.596514229277915],[-74.0804907219422,40.59639886880917],[-74.08103443032132,40.59619251109698],[-74.08131651928268,40.59585404970027],[-74.08137333193,40.595502771793086],[-74.08131246620373,40.59518633695273],[-74.08161484302309,40.594807329464],[-74.0811272473827,40.59456457180579],[-74.08068421802835,40.594368925555486],[-74.08020960311258,40.59422265341425],[-74.07968204758338,40.59416866255908],[-74.07908134235693,40.593976969468336],[-74.07858990919138,40.59423611460436],[-74.0778384144673,40.594258430699725],[-74.07786325762397,40.59472462399543],[-74.07769653856937,40.595020619864066],[-74.07745090111615,40.59533194937708]]]},"properties":{"scenario":4,"depth_ft":1.47,"probability":0.96,"category":"Moderate","neighborhood":"Staten Island East Shore","borough":"Staten Island"}},{"type":"Feature","geometry":{"type":"Polygon","coordinates":[[[-74.08131727155785,40.59458844909755],[-74.08154973850615,40.59481567753479],[-74.08181520116958,40.59503533384975],[-74.08220276825757,40.59521566763491],[-74.08275867955767,40.595238246573516],[-74.08335395746596,40.5952429400167],[-74.08400800139071,40.5951413380323],[-74.08455529818887,40.59487080096911],[-74.08459286334951,40.59445418766287],[-74.08491801321463,40.59418710420672],[-74.08514380985399,40.59387986317715],[-74.08530845474975,40.593527725536674],[-74.08514034270165,40.59321935684829],[-74.08470237137013,40.5930299957213],[-74.08399529119382,40.59313407873517],[-74.08355178901138,40.59301622657382],[-74.08299269158381,40.59304081216102],[-74.08233806812581,40.59307039948885],[-74.08186826263002,40.593374452929794],[-74.08142878423965,40.593662404534506],[-74.0814834007683,40.59401070904983],[-74.08117545818301,40.59431577810534],[-74.08131727155785,40.59458844909755]]]},"properties":{"scenario":4,"depth_ft":2.19,"probability":0.96,"category":"Major","neighborhood":"Staten Island East Shore","borough":"Staten Island"}},{"type":"Feature","geometry":{"type":"Polygon","coordinates":[[[-74.08172385421251,40.59727059588304],[-74.08218383852424,40.5970802696338],[-74.08250788621967,40.597102011378254],[-74.08285593401202,40.59688246574389],[-74.08329822236533,40.59685520524971],[-74.08344487088523,40.59638465805307],[-74.0836788623043,40.59607540520096],[-74.08405483891133,40.59570957704657],[-74.08384741849275,40.59541808843364],[-74.08401284895821,40.59498751091875],[-74.08389700095708,40.594661852988885],[-74.08349354321174,40.59465762351864],[-74.08315958363454,40.594647144276],[-74.08280637223682,40.59477593576205],[-74.08247126231426,40.59487193521514],[-74.08208311918061,40.594988803975085],[-74.0816705427311,40.59524126541745],[-74.08154432617077,40.595667929666746],[-74.08122914224029,40.59605951366081],[-74.0812880448035,40.596421270867744],[-74.08153721281427,40.59662936394971],[-74.08169050762727,40.596845750648775],[-74.08172385421251,40.59727059588304]]]},"properties":{"scenario":4,"depth_ft":1.53,"probability":0.96,"category":"Major","neighborhood":"Staten Island East Shore","borough":"Staten Island"}},{"type":"Feature","geometry":{"type":"Polygon","coordinates":[[[-74.08300520859159,40.59527854590656],[-74.08337616822674,40.59520987339829],[-74.08380190045901,40.59515735213742],[-74.08405290118608,40.5948321523133],[-74.08425699227807,40.59448335579463],[-74.08438497629658,40.594085308404956],[-74.08406678515844,40.59371475151097],[-74.0839935845505,40.593356763116475],[-74.08387807921193,40.5929463962747],[-74.08353195261188,40.59270690868408],[-74.08310772505845,40.59273913588437],[-74.08273498852003,40.592564021739484],[-74.08238913173153,40.59274972884294],[-74.08205415900596,40.59289810559432],[-74.081707689031,40.593092633142916],[-74.08144295166046,40.59341360879589],[-74.0814214582609,40.593834691271766],[-74.08165515813755,40.59420543773905],[-74.08165431488416,40.5946116246787],[-74.08186440239432,40.594973571375334],[-74.08227198840063,40.595100693652725],[-74.08263081661038,40.59522203364061],[-74.08300520859159,40.59527854590656]]]},"properties":{"scenario":4,"depth_ft":1.84,"probability":0.96,"category":"Major","neighborhood":"Staten Island East Shore","borough":"Staten Island"}},{"type":"Feature","geometry":{"type":"Polygon","coordinates":[[[-74.07981500455394,40.59300627240114],[-74.0798657257397,40.593225396088926],[-74.08019164700862,40.59328283699852],[-74.08047139635796,40.59338383866351],[-74.08085157652063,40.59330930917255],[-74.08123676807958,40.59330839494554],[-74.08162100715798,40.59316900368722],[-74.08198406487197,40.59298278516222],[-74.08228177740888,40.59274446143329],[-74.08223884700044,40.592485830235034],[-74.08215012553285,40.5922844056127],[-74.08214933618255,40.59207079532321],[-74.08189189927566,40.591965700989974],[-74.0817141157276,40.59181376210565],[-74.08144402157141,40.591690526554395],[-74.08104902674583,40.59177985592398],[-74.08063803780917,40.59173184013998],[-74.0802242616378,40.5918851610818],[-74.07990389984485,40.592116055393426],[-74.07978347804803,40.59238297156613],[-74.07974941596612,40.59261294416434],[-74.0797718160636,40.59281378126094],[-74.07981500455394,40.59300627240114]]]},"properties":{"scenario":4,"depth_ft":1.65,"probability":0.93,"category":"Major","neighborhood":"Staten Island East Shore","borough":"Staten Island"}},{"type":"Feature","geometry":{"type":"Polygon","coordinates":[[[-74.08275964311665,40.59696506758701],[-74.08294733710545,40.5972547693464],[-74.083247569076,40.597514714115945],[-74.08372841852339,40.59745276633159],[-74.0841430523183,40.59766591107268],[-74.08458871013977,40.59756550966716],[-74.08483464438149,40.597241826845305],[-74.08539339366467,40.59718713614239],[-74.08568974776578,40.59687645889099],[-74.08558428155992,40.596489517056305],[-74.0853499608222,40.59618456815037],[-74.08537969260708,40.59583225017809],[-74.08503294902607,40.59561896894872],[-74.08478791157042,40.595293738487946],[-74.08427718484315,40.595390489442224],[-74.083867885456,40.59526838449421],[-74.08344066384232,40.595344083396455],[-74.08296686748518,40.59541918414623],[-74.08257530983927,40.59565138591817],[-74.08237946701902,40.59599805286584],[-74.08228244226456,40.596361938758456],[-74.08243583112376,40.59671119304889],[-74.08275964311665,40.59696506758701]]]},"properties":{"scenario":4,"depth_ft":1.82,"probability":0.96,"category":"Major","neighborhood":"Staten Island East Shore","borough":"Staten Island"}},{"type":"Feature","geometry":{"type":"Polygon","coordinates":[[[-74.08122879453494,40.59432113310633],[-74.08178126781905,40.59423766757956],[-74.08222735758332,40.59435496681953],[-74.08274894513782,40.59427400097285],[-74.08317846112438,40.59393018540234],[-74.08349284715102,40.59355270702285],[-74.08407723783992,40.59326694551754],[-74.083842349315,40.592791594203305],[-74.08426527766508,40.592315768002166],[-74.08379704277364,40.59207023097225],[-74.08377633657167,40.591628038269995],[-74.08343179715067,40.591379670131154],[-74.0830220114897,40.59116421770907],[-74.08249077745536,40.59116350866661],[-74.08193795244111,40.591283946700706],[-74.08143295774302,40.5915761278427],[-74.0811947661919,40.5920709603776],[-74.08079973423254,40.59241397587373],[-74.08065732121021,40.592849218549695],[-74.08083742025839,40.5932175286029],[-74.08054085465388,40.59375892669232],[-74.08088701820466,40.5940466633711],[-74.08122879453494,40.59432113310633]]]},"properties":{"scenario":4,"depth_ft":1.51,"probability":0.9,"category":"Major","neighborhood":"Staten Island East Shore","borough":"Staten Island"}}]}